split,fold,sequence_id,position_index,student_router_support_pair,student_router_loss,student_router_rank,teacher_support_pair,teacher_loss,teacher_rank,predicted_support_pair,predicted_loss,predicted_rank,oracle_support_pair,oracle_loss,oracle_router_gap,teacher_router_delta,teacher_oracle_regret,predicted_router_delta,predicted_oracle_regret,top2_loss_margin,top10_loss_margin,value_entropy,pair_count
heldout,0,fold0_heldout_sequence0,0,"7,8",3.5387206077575684,22,"5,8",3.5313422679901123,2,"5,7",3.5897159576416016,25,"3,8",3.531341791152954,0.007378816604614258,-0.007378339767456055,4.76837158203125e-07,0.0509953498840332,0.05837416648864746,4.76837158203125e-07,9.5367431640625e-07,5.5952797095711215,276
heldout,0,fold0_heldout_sequence0,1,"0,5",3.2863402366638184,23,"0,5",3.2863402366638184,23,"0,5",3.2863402366638184,23,"1,5",3.286339521408081,7.152557373046875e-07,0.0,7.152557373046875e-07,0.0,7.152557373046875e-07,0.0,0.0,5.462388264453655,276
heldout,0,fold0_heldout_sequence0,2,"12,16",2.736436128616333,23,"12,16",2.736436128616333,23,"12,16",2.736436128616333,23,"0,16",2.7364273071289062,8.821487426757812e-06,0.0,8.821487426757812e-06,0.0,8.821487426757812e-06,0.0,0.0,5.480692610747047,276
heldout,0,fold0_heldout_sequence0,3,"5,7",2.7811896800994873,23,"5,7",2.7811896800994873,23,"5,7",2.7811896800994873,23,"0,5",2.781186103820801,3.5762786865234375e-06,0.0,3.5762786865234375e-06,0.0,3.5762786865234375e-06,0.0,0.0,5.472425164900898,276
heldout,0,fold0_heldout_sequence0,4,"4,12",2.5196940898895264,23,"4,12",2.5196940898895264,23,"4,12",2.5196940898895264,23,"0,4",2.519693374633789,7.152557373046875e-07,0.0,7.152557373046875e-07,0.0,7.152557373046875e-07,0.0,0.0,5.3484563620980135,276
heldout,0,fold0_heldout_sequence0,5,"6,14",3.9675092697143555,23,"6,14",3.9675092697143555,23,"6,14",3.9675092697143555,23,"0,14",3.9675090312957764,2.384185791015625e-07,0.0,2.384185791015625e-07,0.0,2.384185791015625e-07,0.0,0.0,5.475835498305428,276
heldout,0,fold0_heldout_sequence0,6,"11,17",3.4201924800872803,9,"11,17",3.4201924800872803,9,"11,17",3.4201924800872803,9,"0,11",3.4201924800872803,0.0,0.0,0.0,0.0,0.0,0.0,0.0,5.533050639378148,276
heldout,0,fold0_heldout_sequence0,7,"16,21",3.6267433166503906,23,"16,21",3.6267433166503906,23,"16,21",3.6267433166503906,23,"0,21",3.6267426013946533,7.152557373046875e-07,0.0,7.152557373046875e-07,0.0,7.152557373046875e-07,0.0,0.0,5.3256225376114745,276
heldout,0,fold0_heldout_sequence0,8,"0,18",3.7607078552246094,23,"0,18",3.7607078552246094,23,"0,18",3.7607078552246094,23,"1,18",3.7607061862945557,1.6689300537109375e-06,0.0,1.6689300537109375e-06,0.0,1.6689300537109375e-06,0.0,0.0,5.479801360428297,276
heldout,0,fold0_heldout_sequence0,9,"0,3",2.6879210472106934,23,"0,3",2.6879210472106934,23,"0,3",2.6879210472106934,23,"0,1",2.687919855117798,1.1920928955078125e-06,0.0,1.1920928955078125e-06,0.0,1.1920928955078125e-06,0.0,0.0,5.030013400998275,276
heldout,0,fold0_heldout_sequence0,10,"13,22",3.2017478942871094,23,"13,22",3.2017478942871094,23,"13,22",3.2017478942871094,23,"0,22",3.201707363128662,4.0531158447265625e-05,0.0,4.0531158447265625e-05,0.0,4.0531158447265625e-05,0.0,0.0,5.494031592053276,276
heldout,0,fold0_heldout_sequence0,11,"7,19",2.492605209350586,23,"7,19",2.492605209350586,23,"7,19",2.492605209350586,23,"0,19",2.4925942420959473,1.0967254638671875e-05,0.0,1.0967254638671875e-05,0.0,1.0967254638671875e-05,0.0,0.0,5.419908206470233,276
heldout,0,fold0_heldout_sequence0,12,"16,22",2.779916286468506,23,"13,16",2.7799153327941895,6,"16,22",2.779916286468506,23,"0,16",2.7799153327941895,9.5367431640625e-07,-9.5367431640625e-07,0.0,0.0,9.5367431640625e-07,0.0,0.0,5.457715711898575,276
heldout,0,fold0_heldout_sequence0,13,"18,22",2.8271450996398926,23,"18,22",2.8271450996398926,23,"18,22",2.8271450996398926,23,"0,22",2.827144145965576,9.5367431640625e-07,0.0,9.5367431640625e-07,0.0,9.5367431640625e-07,0.0,0.0,5.449726435336926,276
heldout,0,fold0_heldout_sequence0,14,"7,10",3.954578161239624,23,"7,10",3.954578161239624,23,"7,10",3.954578161239624,23,"0,10",3.9545769691467285,1.1920928955078125e-06,0.0,1.1920928955078125e-06,0.0,1.1920928955078125e-06,0.0,0.0,5.508902141035598,276
heldout,0,fold0_heldout_sequence0,15,"3,9",3.3297905921936035,23,"3,9",3.3297905921936035,23,"3,9",3.3297905921936035,23,"0,3",3.3297903537750244,2.384185791015625e-07,0.0,2.384185791015625e-07,0.0,2.384185791015625e-07,0.0,0.0,5.532576363125458,276
heldout,0,fold0_heldout_sequence0,16,"10,13",2.0293092727661133,23,"10,13",2.0293092727661133,23,"10,13",2.0293092727661133,23,"0,10",2.029296398162842,1.2874603271484375e-05,0.0,1.2874603271484375e-05,0.0,1.2874603271484375e-05,0.0,0.0,5.371365833832022,276
heldout,0,fold0_heldout_sequence0,17,"3,11",3.585758924484253,23,"3,11",3.585758924484253,23,"3,11",3.585758924484253,23,"0,11",3.585754871368408,4.0531158447265625e-06,0.0,4.0531158447265625e-06,0.0,4.0531158447265625e-06,0.0,0.0,5.477766353759507,276
heldout,0,fold0_heldout_sequence0,18,"5,7",3.3566975593566895,23,"5,7",3.3566975593566895,23,"5,7",3.3566975593566895,23,"0,7",3.356692314147949,5.245208740234375e-06,0.0,5.245208740234375e-06,0.0,5.245208740234375e-06,0.0,0.0,5.448991951438681,276
heldout,0,fold0_heldout_sequence0,19,"0,19",2.451948881149292,11,"0,19",2.451948881149292,11,"0,19",2.451948881149292,11,"0,1",2.451948881149292,0.0,0.0,0.0,0.0,0.0,0.0,0.0,5.032995283947483,276
heldout,0,fold0_heldout_sequence0,20,"10,13",3.2529940605163574,23,"13,16",3.8433966636657715,24,"13,16",3.8433966636657715,24,"1,10",3.2508058547973633,0.0021882057189941406,0.5904026031494141,0.5925908088684082,0.5904026031494141,0.5925908088684082,0.0,0.0,5.5619072991482925,276
heldout,0,fold0_heldout_sequence0,21,"8,18",1.5824880599975586,23,"8,18",1.5824880599975586,23,"8,18",1.5824880599975586,23,"0,8",1.5824862718582153,1.7881393432617188e-06,0.0,1.7881393432617188e-06,0.0,1.7881393432617188e-06,0.0,0.0,5.122711265309065,276
heldout,0,fold0_heldout_sequence0,22,"6,11",2.3950231075286865,23,"6,11",2.3950231075286865,23,"6,11",2.3950231075286865,23,"0,11",2.395022392272949,7.152557373046875e-07,0.0,7.152557373046875e-07,0.0,7.152557373046875e-07,0.0,0.0,5.426037895827526,276
heldout,0,fold0_heldout_sequence0,23,"3,7",3.586109161376953,23,"3,7",3.586109161376953,23,"3,7",3.586109161376953,23,"0,7",3.5861032009124756,5.9604644775390625e-06,0.0,5.9604644775390625e-06,0.0,5.9604644775390625e-06,0.0,0.0,5.5366203409892725,276
heldout,0,fold0_heldout_sequence0,24,"4,7",2.965609073638916,23,"4,7",2.965609073638916,23,"4,7",2.965609073638916,23,"0,7",2.965597629547119,1.1444091796875e-05,0.0,1.1444091796875e-05,0.0,1.1444091796875e-05,0.0,0.0,5.575338588004946,276
heldout,0,fold0_heldout_sequence0,25,"3,22",1.8941771984100342,17,"3,22",1.8941771984100342,17,"3,22",1.8941771984100342,17,"0,22",1.8941771984100342,0.0,0.0,0.0,0.0,0.0,0.0,0.0,5.548697365184796,276
heldout,0,fold0_heldout_sequence0,26,"9,12",1.7423175573349,23,"9,12",1.7423175573349,23,"9,12",1.7423175573349,23,"0,12",1.7423175573349,0.0,0.0,0.0,0.0,0.0,0.0,0.0,5.25620002540411,276
heldout,0,fold0_heldout_sequence0,27,"16,18",3.0133895874023438,23,"16,18",3.0133895874023438,23,"16,18",3.0133895874023438,23,"0,16",3.013378620147705,1.0967254638671875e-05,0.0,1.0967254638671875e-05,0.0,1.0967254638671875e-05,0.0,0.0,5.419003265801284,276
heldout,0,fold0_heldout_sequence0,28,"3,9",2.1742143630981445,23,"3,9",2.1742143630981445,23,"3,9",2.1742143630981445,23,"0,3",2.1742143630981445,0.0,0.0,0.0,0.0,0.0,0.0,0.0,5.261757506242053,276
heldout,0,fold0_heldout_sequence0,29,"6,19",1.853334903717041,20,"6,19",1.853334903717041,20,"6,19",1.853334903717041,20,"0,19",1.853334903717041,0.0,0.0,0.0,0.0,0.0,0.0,0.0,5.3125395815957415,276
heldout,0,fold0_heldout_sequence0,30,"3,7",2.5553317070007324,23,"3,7",2.5553317070007324,23,"3,7",2.5553317070007324,23,"0,7",2.555330753326416,9.5367431640625e-07,0.0,9.5367431640625e-07,0.0,9.5367431640625e-07,0.0,0.0,5.307402912709501,276
heldout,0,fold0_heldout_sequence0,31,"0,20",1.9821261167526245,13,"0,20",1.9821261167526245,13,"0,20",1.9821261167526245,13,"0,1",1.9821261167526245,0.0,0.0,0.0,0.0,0.0,0.0,0.0,5.0765977414066485,276
heldout,0,fold0_heldout_sequence0,32,"6,13",3.5310254096984863,20,"6,13",3.5310254096984863,20,"6,13",3.5310254096984863,20,"0,13",3.5310254096984863,0.0,0.0,0.0,0.0,0.0,0.0,0.0,5.560950567914704,276
heldout,0,fold0_heldout_sequence0,33,"8,13",2.715135097503662,12,"8,13",2.715135097503662,12,"8,13",2.715135097503662,12,"0,8",2.715135097503662,0.0,0.0,0.0,0.0,0.0,0.0,0.0,5.040593151837268,276
heldout,0,fold0_heldout_sequence0,34,"7,22",2.6357409954071045,23,"7,22",2.6357409954071045,23,"7,22",2.6357409954071045,23,"0,22",2.635740041732788,9.5367431640625e-07,0.0,9.5367431640625e-07,0.0,9.5367431640625e-07,0.0,0.0,5.505652363229924,276
heldout,0,fold0_heldout_sequence0,35,"4,18",2.004228115081787,23,"4,18",2.004228115081787,23,"4,18",2.004228115081787,23,"0,4",2.004227638244629,4.76837158203125e-07,0.0,4.76837158203125e-07,0.0,4.76837158203125e-07,0.0,0.0,5.5077583358480195,276
heldout,0,fold0_heldout_sequence0,36,"0,22",3.8265256881713867,1,"0,22",3.8265256881713867,1,"0,22",3.8265256881713867,1,"0,22",3.8265256881713867,0.0,0.0,0.0,0.0,0.0,0.0,0.0,5.551234957027471,276
heldout,0,fold0_heldout_sequence0,37,"0,13",3.5826213359832764,23,"0,13",3.5826213359832764,23,"0,13",3.5826213359832764,23,"0,1",3.5826034545898438,1.7881393432617188e-05,0.0,1.7881393432617188e-05,0.0,1.7881393432617188e-05,0.0,0.0,5.577239034538943,276
heldout,0,fold0_heldout_sequence0,38,"8,18",2.700317859649658,23,"8,18",2.700317859649658,23,"8,18",2.700317859649658,23,"0,8",2.700317621231079,2.384185791015625e-07,0.0,2.384185791015625e-07,0.0,2.384185791015625e-07,0.0,0.0,5.564384262460671,276
heldout,0,fold0_heldout_sequence0,39,"6,15",1.7708803415298462,20,"6,15",1.7708803415298462,20,"6,15",1.7708803415298462,20,"0,15",1.7708803415298462,0.0,0.0,0.0,0.0,0.0,0.0,0.0,5.425999239124939,276
heldout,0,fold0_heldout_sequence0,40,"0,13",2.564885377883911,23,"0,13",2.564885377883911,23,"0,13",2.564885377883911,23,"1,13",2.564885139465332,2.384185791015625e-07,0.0,2.384185791015625e-07,0.0,2.384185791015625e-07,0.0,0.0,5.277225379325884,276
heldout,0,fold0_heldout_sequence0,41,"4,18",3.0626139640808105,23,"4,18",3.0626139640808105,23,"4,18",3.0626139640808105,23,"0,4",3.062612533569336,1.430511474609375e-06,0.0,1.430511474609375e-06,0.0,1.430511474609375e-06,0.0,0.0,5.418464482532304,276
heldout,0,fold0_heldout_sequence0,42,"6,21",3.3733952045440674,23,"6,21",3.3733952045440674,23,"6,21",3.3733952045440674,23,"0,6",3.3733880519866943,7.152557373046875e-06,0.0,7.152557373046875e-06,0.0,7.152557373046875e-06,0.0,0.0,5.146509494435012,276
heldout,0,fold0_heldout_sequence0,43,"0,9",1.1285918951034546,23,"0,9",1.1285918951034546,23,"0,9",1.1285918951034546,23,"0,1",1.128591537475586,3.5762786865234375e-07,0.0,3.5762786865234375e-07,0.0,3.5762786865234375e-07,0.0,0.0,5.1852397097227785,276
heldout,0,fold0_heldout_sequence0,44,"12,22",4.841334342956543,5,"12,22",4.841334342956543,5,"12,22",4.841334342956543,5,"0,22",4.841334342956543,0.0,0.0,0.0,0.0,0.0,0.0,0.0,5.441814812369296,276
heldout,0,fold0_heldout_sequence0,45,"4,6",3.2311043739318848,1,"4,6",3.2311043739318848,1,"4,6",3.2311043739318848,1,"4,6",3.2311043739318848,0.0,0.0,0.0,0.0,0.0,4.76837158203125e-07,4.76837158203125e-07,5.516238240119996,276
heldout,0,fold0_heldout_sequence0,46,"0,18",3.0611319541931152,1,"0,18",3.0611319541931152,1,"0,18",3.0611319541931152,1,"0,18",3.0611319541931152,0.0,0.0,0.0,0.0,0.0,0.0,0.0,5.517572404792722,276
heldout,0,fold0_heldout_sequence0,47,"7,11",3.7817041873931885,23,"7,11",3.7817041873931885,23,"7,11",3.7817041873931885,23,"0,11",3.7816858291625977,1.8358230590820312e-05,0.0,1.8358230590820312e-05,0.0,1.8358230590820312e-05,0.0,0.0,5.475495386746112,276
heldout,0,fold0_heldout_sequence0,48,"16,21",2.487936496734619,9,"9,21",2.487936496734619,23,"16,21",2.487936496734619,9,"0,21",2.487936496734619,0.0,0.0,0.0,0.0,0.0,0.0,0.0,5.368416922365786,276
heldout,0,fold0_heldout_sequence0,49,"7,16",2.2362561225891113,23,"7,16",2.2362561225891113,23,"7,16",2.2362561225891113,23,"0,7",2.2362518310546875,4.291534423828125e-06,0.0,4.291534423828125e-06,0.0,4.291534423828125e-06,0.0,0.0,5.3691838777038345,276
heldout,0,fold0_heldout_sequence0,50,"10,21",3.5903749465942383,23,"10,21",3.5903749465942383,23,"10,21",3.5903749465942383,23,"0,10",3.590373992919922,9.5367431640625e-07,0.0,9.5367431640625e-07,0.0,9.5367431640625e-07,0.0,0.0,5.585565588229805,276
heldout,0,fold0_heldout_sequence0,51,"0,18",2.2893452644348145,23,"0,18",2.2893452644348145,23,"0,18",2.2893452644348145,23,"1,18",2.289344549179077,7.152557373046875e-07,0.0,7.152557373046875e-07,0.0,7.152557373046875e-07,0.0,0.0,5.51230047500527,276
heldout,0,fold0_heldout_sequence0,52,"8,12",1.5691977739334106,23,"8,12",1.5691977739334106,23,"8,12",1.5691977739334106,23,"0,8",1.569197416305542,3.5762786865234375e-07,0.0,3.5762786865234375e-07,0.0,3.5762786865234375e-07,0.0,0.0,5.121680665210717,276
heldout,0,fold0_heldout_sequence0,53,"0,6",2.3103227615356445,23,"0,6",2.3103227615356445,23,"0,6",2.3103227615356445,23,"0,1",2.3103222846984863,4.76837158203125e-07,0.0,4.76837158203125e-07,0.0,4.76837158203125e-07,0.0,0.0,5.015242137965783,276
heldout,0,fold0_heldout_sequence0,54,"3,10",2.6432876586914062,23,"3,10",2.6432876586914062,23,"3,10",2.6432876586914062,23,"0,10",2.6432766914367676,1.0967254638671875e-05,0.0,1.0967254638671875e-05,0.0,1.0967254638671875e-05,0.0,0.0,5.35377739405113,276
heldout,0,fold0_heldout_sequence0,55,"7,8",3.609365463256836,23,"7,8",3.609365463256836,23,"7,8",3.609365463256836,23,"0,8",3.6093220710754395,4.3392181396484375e-05,0.0,4.3392181396484375e-05,0.0,4.3392181396484375e-05,0.0,0.0,5.54004573567765,276
heldout,0,fold0_heldout_sequence0,56,"5,14",2.895205020904541,23,"5,14",2.895205020904541,23,"5,14",2.895205020904541,23,"0,14",2.895202159881592,2.86102294921875e-06,0.0,2.86102294921875e-06,0.0,2.86102294921875e-06,0.0,0.0,5.457145621458974,276
heldout,0,fold0_heldout_sequence0,57,"6,17",2.637096643447876,20,"6,17",2.637096643447876,20,"6,17",2.637096643447876,20,"0,17",2.637096643447876,0.0,0.0,0.0,0.0,0.0,0.0,0.0,4.961890687300877,276
heldout,0,fold0_heldout_sequence0,58,"4,13",2.132030725479126,23,"4,13",2.132030725479126,23,"4,13",2.132030725479126,23,"0,13",2.132028579711914,2.1457672119140625e-06,0.0,2.1457672119140625e-06,0.0,2.1457672119140625e-06,0.0,0.0,5.309366301880665,276
heldout,0,fold0_heldout_sequence0,59,"6,15",1.9330748319625854,20,"6,15",1.9330748319625854,20,"6,15",1.9330748319625854,20,"0,15",1.9330748319625854,0.0,0.0,0.0,0.0,0.0,0.0,0.0,5.400005704450524,276
heldout,0,fold0_heldout_sequence0,60,"14,18",3.6829962730407715,23,"14,18",3.6829962730407715,23,"14,18",3.6829962730407715,23,"0,14",3.682995557785034,7.152557373046875e-07,0.0,7.152557373046875e-07,0.0,7.152557373046875e-07,0.0,0.0,5.423923313349549,276
heldout,0,fold0_heldout_sequence0,61,"5,8",2.94353985786438,23,"5,8",2.94353985786438,23,"5,8",2.94353985786438,23,"0,5",2.9435391426086426,7.152557373046875e-07,0.0,7.152557373046875e-07,0.0,7.152557373046875e-07,0.0,0.0,5.462031050582757,276
heldout,0,fold0_heldout_sequence0,62,"6,18",2.3029162883758545,23,"6,18",2.3029162883758545,23,"6,18",2.3029162883758545,23,"0,18",2.302915334701538,9.5367431640625e-07,0.0,9.5367431640625e-07,0.0,9.5367431640625e-07,0.0,0.0,5.437759176212955,276
train,0,fold0_train_sequence0,0,"0,19",2.4646785259246826,23,"0,19",2.4646785259246826,23,,,,"0,1",2.4646155834198,6.29425048828125e-05,0.0,6.29425048828125e-05,,,0.0,0.0,5.029672322236305,276
train,0,fold0_train_sequence0,1,"10,13",3.238506317138672,23,"6,16",3.9136362075805664,48,,,,"10,17",3.2357070446014404,0.0027992725372314453,0.6751298904418945,0.677929162979126,,,2.384185791015625e-07,2.384185791015625e-07,5.561532523679539,276
train,0,fold0_train_sequence0,2,"8,18",1.589401364326477,23,"8,18",1.589401364326477,23,,,,"0,8",1.5894004106521606,9.5367431640625e-07,0.0,9.5367431640625e-07,,,0.0,0.0,5.122733296125414,276
train,0,fold0_train_sequence0,3,"6,11",2.385216474533081,20,"6,11",2.385216474533081,20,,,,"0,11",2.385216474533081,0.0,0.0,0.0,,,0.0,0.0,5.425908444415095,276
train,0,fold0_train_sequence0,4,"3,7",3.57479190826416,23,"3,7",3.57479190826416,23,,,,"0,7",3.574784517288208,7.3909759521484375e-06,0.0,7.3909759521484375e-06,,,0.0,0.0,5.536587355581331,276
train,0,fold0_train_sequence0,5,"4,7",2.978631019592285,23,"4,7",2.978631019592285,23,,,,"0,7",2.9786195755004883,1.1444091796875e-05,0.0,1.1444091796875e-05,,,0.0,0.0,5.575092168632862,276
train,0,fold0_train_sequence0,6,"3,22",1.9031199216842651,17,"6,22",1.9031199216842651,20,,,,"0,22",1.9031199216842651,0.0,0.0,0.0,,,0.0,0.0,5.547951418294565,276
train,0,fold0_train_sequence0,7,"9,12",1.7683098316192627,23,"9,12",1.7683098316192627,23,,,,"0,12",1.7683091163635254,7.152557373046875e-07,0.0,7.152557373046875e-07,,,0.0,0.0,5.254921394324201,276
train,0,fold0_train_sequence0,8,"16,18",2.9832983016967773,23,"16,18",2.9832983016967773,23,,,,"0,16",2.9832839965820312,1.430511474609375e-05,0.0,1.430511474609375e-05,,,0.0,0.0,5.419055535742837,276
train,0,fold0_train_sequence0,9,"3,9",2.178666591644287,23,"3,9",2.178666591644287,23,,,,"0,3",2.178666353225708,2.384185791015625e-07,0.0,2.384185791015625e-07,,,0.0,0.0,5.261162367486011,276
train,0,fold0_train_sequence0,10,"6,19",1.8518167734146118,20,"6,19",1.8518167734146118,20,,,,"0,19",1.8518167734146118,0.0,0.0,0.0,,,0.0,0.0,5.312841901265834,276
train,0,fold0_train_sequence0,11,"3,7",2.5912599563598633,23,"3,7",2.5912599563598633,23,,,,"0,7",2.5912585258483887,1.430511474609375e-06,0.0,1.430511474609375e-06,,,0.0,0.0,5.305337995161819,276
train,0,fold0_train_sequence0,12,"0,20",1.998687505722046,23,"0,20",1.998687505722046,23,,,,"0,1",1.9986870288848877,4.76837158203125e-07,0.0,4.76837158203125e-07,,,0.0,0.0,5.076446328268855,276
train,0,fold0_train_sequence0,13,"6,13",3.534864664077759,20,"6,13",3.534864664077759,20,,,,"0,13",3.534864664077759,0.0,0.0,0.0,,,0.0,0.0,5.561383896006019,276
train,0,fold0_train_sequence0,14,"8,13",2.7242937088012695,12,"8,13",2.7242937088012695,12,,,,"0,8",2.7242937088012695,0.0,0.0,0.0,,,0.0,0.0,5.040463947558168,276
train,0,fold0_train_sequence0,15,"7,22",2.648944139480591,23,"10,22",2.6489439010620117,3,,,,"0,22",2.6489439010620117,2.384185791015625e-07,-2.384185791015625e-07,0.0,,,0.0,0.0,5.505487468728337,276
train,0,fold0_train_sequence0,16,"4,18",2.023834705352783,13,"4,18",2.023834705352783,13,,,,"0,4",2.023834705352783,0.0,0.0,0.0,,,0.0,0.0,5.507617018960514,276
train,0,fold0_train_sequence0,17,"0,22",3.82710599899292,1,"0,22",3.82710599899292,1,,,,"0,22",3.82710599899292,0.0,0.0,0.0,,,0.0,0.0,5.550701697972172,276
train,0,fold0_train_sequence0,18,"0,13",3.5651462078094482,23,"0,13",3.5651462078094482,23,,,,"0,1",3.565138339996338,7.867813110351562e-06,0.0,7.867813110351562e-06,,,0.0,0.0,5.577423849784278,276
train,0,fold0_train_sequence0,19,"8,18",2.687131643295288,23,"8,18",2.687131643295288,23,,,,"0,8",2.687130928039551,7.152557373046875e-07,0.0,7.152557373046875e-07,,,0.0,0.0,5.564754052120406,276
train,0,fold0_train_sequence0,20,"6,15",1.7550500631332397,20,"6,15",1.7550500631332397,20,,,,"0,15",1.7550500631332397,0.0,0.0,0.0,,,0.0,0.0,5.4278180639695774,276
train,0,fold0_train_sequence0,21,"0,13",2.554952621459961,23,"0,13",2.554952621459961,23,,,,"1,13",2.5549516677856445,9.5367431640625e-07,0.0,9.5367431640625e-07,,,0.0,0.0,5.276485445518849,276
train,0,fold0_train_sequence0,22,"4,18",3.0447516441345215,23,"4,18",3.0447516441345215,23,,,,"0,4",3.044750213623047,1.430511474609375e-06,0.0,1.430511474609375e-06,,,0.0,0.0,5.416836324554616,276
train,0,fold0_train_sequence0,23,"6,21",3.364208459854126,23,"6,21",3.364208459854126,23,,,,"0,6",3.3642020225524902,6.4373016357421875e-06,0.0,6.4373016357421875e-06,,,0.0,0.0,5.148184873041612,276
train,0,fold0_train_sequence0,24,"0,9",1.1288907527923584,23,"0,9",1.1288907527923584,23,,,,"0,1",1.1288903951644897,3.5762786865234375e-07,0.0,3.5762786865234375e-07,,,0.0,0.0,5.186742166034725,276
train,0,fold0_train_sequence0,25,"12,22",4.854918479919434,5,"12,22",4.854918479919434,5,,,,"0,22",4.854918479919434,0.0,0.0,0.0,,,0.0,0.0,5.442090308411487,276
train,0,fold0_train_sequence0,26,"4,6",3.2321534156799316,1,"4,6",3.2321534156799316,1,,,,"4,6",3.2321534156799316,0.0,0.0,0.0,,,4.76837158203125e-07,4.76837158203125e-07,5.515741862160898,276
train,0,fold0_train_sequence0,27,"0,18",3.0456905364990234,1,"0,18",3.0456905364990234,1,,,,"0,18",3.0456905364990234,0.0,0.0,0.0,,,0.0,0.0,5.518603753433492,276
train,0,fold0_train_sequence0,28,"7,11",3.7854530811309814,23,"7,11",3.7854530811309814,23,,,,"0,11",3.785438060760498,1.5020370483398438e-05,0.0,1.5020370483398438e-05,,,0.0,0.0,5.475605002734517,276
train,0,fold0_train_sequence0,29,"9,21",2.4992964267730713,23,"9,21",2.4992964267730713,23,,,,"0,21",2.4992964267730713,0.0,0.0,0.0,,,0.0,0.0,5.36824112374497,276
train,0,fold0_train_sequence0,30,"7,16",2.242291212081909,23,"7,16",2.242291212081909,23,,,,"0,7",2.242283582687378,7.62939453125e-06,0.0,7.62939453125e-06,,,0.0,0.0,5.368270919996996,276
train,0,fold0_train_sequence0,31,"10,21",3.6203339099884033,23,"10,21",3.6203339099884033,23,,,,"0,10",3.620333194732666,7.152557373046875e-07,0.0,7.152557373046875e-07,,,0.0,0.0,5.585389539491023,276
train,0,fold0_train_sequence0,32,"0,18",2.258040428161621,23,"0,18",2.258040428161621,23,,,,"1,18",2.258040189743042,2.384185791015625e-07,0.0,2.384185791015625e-07,,,0.0,0.0,5.513275492834335,276
train,0,fold0_train_sequence0,33,"8,12",1.5737528800964355,23,"8,12",1.5737528800964355,23,,,,"0,8",1.5737522840499878,5.960464477539062e-07,0.0,5.960464477539062e-07,,,0.0,0.0,5.119905541212742,276
train,0,fold0_train_sequence0,34,"0,6",2.3216404914855957,23,"0,6",2.3216404914855957,23,,,,"0,1",2.3216400146484375,4.76837158203125e-07,0.0,4.76837158203125e-07,,,0.0,0.0,5.013955444502475,276
train,0,fold0_train_sequence0,35,"3,10",2.6374030113220215,23,"3,10",2.6374030113220215,23,,,,"0,10",2.6373963356018066,6.67572021484375e-06,0.0,6.67572021484375e-06,,,0.0,0.0,5.353854062957465,276
train,0,fold0_train_sequence0,36,"7,8",3.6074912548065186,23,"7,8",3.6074912548065186,23,,,,"0,8",3.6074655055999756,2.574920654296875e-05,0.0,2.574920654296875e-05,,,0.0,0.0,5.5405748082971815,276
train,0,fold0_train_sequence0,37,"5,14",2.8995251655578613,23,"5,14",2.8995251655578613,23,,,,"0,14",2.899523973464966,1.1920928955078125e-06,0.0,1.1920928955078125e-06,,,0.0,0.0,5.457547966709767,276
train,0,fold0_train_sequence0,38,"6,17",2.6522610187530518,23,"6,17",2.6522610187530518,23,,,,"0,17",2.6522605419158936,4.76837158203125e-07,0.0,4.76837158203125e-07,,,0.0,0.0,4.960927958371341,276
train,0,fold0_train_sequence0,39,"4,13",2.124053716659546,18,"4,13",2.124053716659546,18,,,,"0,13",2.124053716659546,0.0,0.0,0.0,,,0.0,0.0,5.309536068250139,276
train,0,fold0_train_sequence0,40,"6,15",1.905207633972168,20,"6,15",1.905207633972168,20,,,,"0,15",1.905207633972168,0.0,0.0,0.0,,,0.0,0.0,5.401145043524353,276
train,0,fold0_train_sequence0,41,"14,18",3.682439088821411,23,"14,18",3.682439088821411,23,,,,"0,14",3.682438373565674,7.152557373046875e-07,0.0,7.152557373046875e-07,,,0.0,0.0,5.423959007321498,276
train,0,fold0_train_sequence0,42,"5,8",2.9576687812805176,23,"5,8",2.9576687812805176,23,,,,"0,5",2.9576668739318848,1.9073486328125e-06,0.0,1.9073486328125e-06,,,0.0,0.0,5.4631303231059745,276
train,0,fold0_train_sequence0,43,"6,18",2.2665491104125977,23,"6,18",2.2665491104125977,23,,,,"0,18",2.2665486335754395,4.76837158203125e-07,0.0,4.76837158203125e-07,,,0.0,0.0,5.439401217852384,276
train,0,fold0_train_sequence0,44,"4,9",2.079576015472412,5,"4,9",2.079576015472412,5,,,,"0,9",2.079576015472412,0.0,0.0,0.0,,,0.0,0.0,5.137065721018485,276
train,0,fold0_train_sequence0,45,"0,16",3.506072759628296,23,"0,16",3.506072759628296,23,,,,"0,1",3.506072521209717,2.384185791015625e-07,0.0,2.384185791015625e-07,,,0.0,0.0,5.574707011684111,276
train,0,fold0_train_sequence0,46,"0,19",1.56462562084198,22,"0,19",1.56462562084198,22,,,,"0,1",1.5646250247955322,5.960464477539062e-07,0.0,5.960464477539062e-07,,,0.0,0.0,5.114728023405265,276
train,0,fold0_train_sequence0,47,"10,13",2.637592315673828,23,"10,13",2.637592315673828,23,,,,"0,10",2.6373963356018066,0.00019598007202148438,0.0,0.00019598007202148438,,,0.0,0.0,5.3568740672856725,276
train,0,fold0_train_sequence0,48,"7,8",3.555676221847534,1,"7,8",3.555676221847534,1,,,,"7,8",3.555676221847534,0.0,0.0,0.0,,,1.3828277587890625e-05,1.3828277587890625e-05,5.597018184157724,276
train,0,fold0_train_sequence0,49,"0,5",3.2832887172698975,23,"0,5",3.2832887172698975,23,,,,"1,5",3.283287763595581,9.5367431640625e-07,0.0,9.5367431640625e-07,,,0.0,0.0,5.462047840295608,276
train,0,fold0_train_sequence0,50,"12,16",2.7002530097961426,23,"12,16",2.7002530097961426,23,,,,"0,16",2.700249195098877,3.814697265625e-06,0.0,3.814697265625e-06,,,0.0,0.0,5.4804969051024806,276
train,0,fold0_train_sequence0,51,"5,7",2.81008243560791,23,"5,7",2.81008243560791,23,,,,"0,5",2.8100764751434326,5.9604644775390625e-06,0.0,5.9604644775390625e-06,,,0.0,0.0,5.472256203798083,276
train,0,fold0_train_sequence0,52,"4,12",2.5547902584075928,23,"4,12",2.5547902584075928,23,,,,"0,4",2.5547897815704346,4.76837158203125e-07,0.0,4.76837158203125e-07,,,0.0,0.0,5.347782865297063,276
train,0,fold0_train_sequence0,53,"6,14",3.9541120529174805,20,"6,14",3.9541120529174805,20,,,,"0,14",3.9541120529174805,0.0,0.0,0.0,,,0.0,0.0,5.475599039337711,276
train,0,fold0_train_sequence0,54,"11,17",3.4207887649536133,9,"11,17",3.4207887649536133,9,,,,"0,11",3.4207887649536133,0.0,0.0,0.0,,,0.0,0.0,5.533147705265263,276
train,0,fold0_train_sequence0,55,"16,21",3.608175277709961,23,"16,21",3.608175277709961,23,,,,"0,21",3.6081743240356445,9.5367431640625e-07,0.0,9.5367431640625e-07,,,0.0,0.0,5.325748675686303,276
train,0,fold0_train_sequence0,56,"0,18",3.783583879470825,23,"0,18",3.783583879470825,23,,,,"1,18",3.7835824489593506,1.430511474609375e-06,0.0,1.430511474609375e-06,,,0.0,0.0,5.481304594377145,276
train,0,fold0_train_sequence0,57,"0,3",2.691453456878662,23,"0,3",2.691453456878662,23,,,,"0,1",2.6914515495300293,1.9073486328125e-06,0.0,1.9073486328125e-06,,,0.0,0.0,5.029532139128372,276
train,0,fold0_train_sequence0,58,"13,22",3.1990439891815186,23,"13,22",3.1990439891815186,23,,,,"0,22",3.199002504348755,4.1484832763671875e-05,0.0,4.1484832763671875e-05,,,0.0,0.0,5.494036495861529,276
train,0,fold0_train_sequence0,59,"7,19",2.5039775371551514,23,"7,19",2.5039775371551514,23,,,,"0,19",2.5039680004119873,9.5367431640625e-06,0.0,9.5367431640625e-06,,,0.0,0.0,5.419895210124129,276
train,0,fold0_train_sequence0,60,"16,22",2.78853702545166,23,"16,22",2.78853702545166,23,,,,"0,16",2.788536310195923,7.152557373046875e-07,0.0,7.152557373046875e-07,,,0.0,0.0,5.45933271672025,276
train,0,fold0_train_sequence0,61,"18,22",2.822312116622925,23,"18,22",2.822312116622925,23,,,,"0,22",2.8223109245300293,1.1920928955078125e-06,0.0,1.1920928955078125e-06,,,0.0,0.0,5.449200271691002,276
train,0,fold0_train_sequence0,62,"7,10",3.964664936065674,23,"7,10",3.964664936065674,23,,,,"0,10",3.9646623134613037,2.6226043701171875e-06,0.0,2.6226043701171875e-06,,,0.0,0.0,5.5088734230500185,276
train,0,fold0_train_sequence1,0,"8,18",2.681884765625,23,"8,18",2.681884765625,23,,,,"0,8",2.681861400604248,2.3365020751953125e-05,0.0,2.3365020751953125e-05,,,0.0,0.0,5.560861003543668,276
train,0,fold0_train_sequence1,1,"6,15",1.7699943780899048,20,"6,15",1.7699943780899048,20,,,,"0,15",1.7699943780899048,0.0,0.0,0.0,,,0.0,0.0,5.426042738627258,276
train,0,fold0_train_sequence1,2,"0,13",2.54753041267395,23,"0,13",2.54753041267395,23,,,,"1,13",2.547529458999634,9.5367431640625e-07,0.0,9.5367431640625e-07,,,0.0,0.0,5.277354142889986,276
train,0,fold0_train_sequence1,3,"4,18",3.0375707149505615,23,"4,18",3.0375707149505615,23,,,,"0,4",3.037569046020508,1.6689300537109375e-06,0.0,1.6689300537109375e-06,,,0.0,0.0,5.417287098313982,276
train,0,fold0_train_sequence1,4,"6,21",3.360217571258545,23,"6,21",3.360217571258545,23,,,,"0,6",3.3601996898651123,1.7881393432617188e-05,0.0,1.7881393432617188e-05,,,0.0,0.0,5.142469319734423,276
train,0,fold0_train_sequence1,5,"0,9",1.1355770826339722,23,"0,9",1.1355770826339722,23,,,,"0,1",1.135575771331787,1.3113021850585938e-06,0.0,1.3113021850585938e-06,,,0.0,0.0,5.185190841448143,276
train,0,fold0_train_sequence1,6,"12,22",4.853498935699463,5,"12,22",4.853498935699463,5,,,,"0,22",4.853498935699463,0.0,0.0,0.0,,,0.0,0.0,5.441563659916064,276
train,0,fold0_train_sequence1,7,"4,6",3.247727394104004,20,"4,6",3.247727394104004,20,,,,"0,4",3.247727394104004,0.0,0.0,0.0,,,0.0,0.0,5.516583489512537,276
train,0,fold0_train_sequence1,8,"0,18",3.04868483543396,23,"0,18",3.04868483543396,23,,,,"1,18",3.048684597015381,2.384185791015625e-07,0.0,2.384185791015625e-07,,,0.0,0.0,5.517997409978743,276
train,0,fold0_train_sequence1,9,"7,11",3.7768611907958984,23,"7,11",3.7768611907958984,23,,,,"0,11",3.776855230331421,5.9604644775390625e-06,0.0,5.9604644775390625e-06,,,0.0,0.0,5.475620271346909,276
train,0,fold0_train_sequence1,10,"9,21",2.4824576377868652,23,"9,21",2.4824576377868652,23,,,,"0,21",2.4824576377868652,0.0,0.0,0.0,,,0.0,0.0,5.367927141366274,276
train,0,fold0_train_sequence1,11,"7,16",2.2241930961608887,23,"7,16",2.2241930961608887,23,,,,"0,7",2.2241833209991455,9.775161743164062e-06,0.0,9.775161743164062e-06,,,0.0,0.0,5.370157974513473,276
train,0,fold0_train_sequence1,12,"10,21",3.6074047088623047,23,"10,21",3.6074047088623047,23,,,,"0,10",3.60740327835083,1.430511474609375e-06,0.0,1.430511474609375e-06,,,0.0,0.0,5.585354361791433,276
train,0,fold0_train_sequence1,13,"0,18",2.3023059368133545,23,"0,18",2.3023059368133545,23,,,,"1,18",2.3023054599761963,4.76837158203125e-07,0.0,4.76837158203125e-07,,,0.0,0.0,5.512184830878273,276
train,0,fold0_train_sequence1,14,"8,12",1.5723029375076294,23,"8,12",1.5723029375076294,23,,,,"0,8",1.5723017454147339,1.1920928955078125e-06,0.0,1.1920928955078125e-06,,,0.0,0.0,5.120712802650008,276
train,0,fold0_train_sequence1,15,"0,6",2.3237383365631104,23,"0,6",2.3237383365631104,23,,,,"0,1",2.323737859725952,4.76837158203125e-07,0.0,4.76837158203125e-07,,,0.0,0.0,5.014225551963009,276
train,0,fold0_train_sequence1,16,"3,10",2.634467601776123,23,"3,10",2.634467601776123,23,,,,"0,10",2.6344618797302246,5.7220458984375e-06,0.0,5.7220458984375e-06,,,0.0,0.0,5.354589571174558,276
train,0,fold0_train_sequence1,17,"7,8",3.6100571155548096,23,"7,8",3.6100571155548096,23,,,,"0,8",3.610027313232422,2.9802322387695312e-05,0.0,2.9802322387695312e-05,,,0.0,0.0,5.540375454334759,276
train,0,fold0_train_sequence1,18,"5,14",2.9121930599212646,23,"5,14",2.9121930599212646,23,,,,"0,14",2.912191390991211,1.6689300537109375e-06,0.0,1.6689300537109375e-06,,,0.0,0.0,5.456288534116269,276
train,0,fold0_train_sequence1,19,"6,17",2.645293712615967,23,"6,17",2.645293712615967,23,,,,"0,17",2.6452932357788086,4.76837158203125e-07,0.0,4.76837158203125e-07,,,0.0,0.0,4.962231269363306,276
train,0,fold0_train_sequence1,20,"4,13",2.121250629425049,23,"4,13",2.121250629425049,23,,,,"0,13",2.1212496757507324,9.5367431640625e-07,0.0,9.5367431640625e-07,,,0.0,0.0,5.3094417479153995,276
train,0,fold0_train_sequence1,21,"6,15",1.917763352394104,20,"6,15",1.917763352394104,20,,,,"0,15",1.917763352394104,0.0,0.0,0.0,,,0.0,0.0,5.400652700059771,276
train,0,fold0_train_sequence1,22,"14,18",3.6758625507354736,23,"14,18",3.6758625507354736,23,,,,"0,14",3.6758623123168945,2.384185791015625e-07,0.0,2.384185791015625e-07,,,0.0,0.0,5.423706869788443,276
train,0,fold0_train_sequence1,23,"5,8",2.9486167430877686,23,"5,8",2.9486167430877686,23,,,,"0,5",2.948615789413452,9.5367431640625e-07,0.0,9.5367431640625e-07,,,0.0,0.0,5.46316141776794,276
train,0,fold0_train_sequence1,24,"6,18",2.2872400283813477,23,"6,18",2.2872400283813477,23,,,,"0,18",2.2872395515441895,4.76837158203125e-07,0.0,4.76837158203125e-07,,,0.0,0.0,5.439556326071054,276
train,0,fold0_train_sequence1,25,"4,9",2.08916974067688,5,"4,9",2.08916974067688,5,,,,"0,9",2.08916974067688,0.0,0.0,0.0,,,0.0,0.0,5.136263103856737,276
train,0,fold0_train_sequence1,26,"0,16",3.5501837730407715,23,"0,16",3.5501837730407715,23,,,,"0,1",3.5501835346221924,2.384185791015625e-07,0.0,2.384185791015625e-07,,,0.0,0.0,5.574892818519502,276
train,0,fold0_train_sequence1,27,"0,3",1.558582067489624,17,"0,6",1.558582067489624,20,,,,"0,1",1.558582067489624,0.0,0.0,0.0,,,0.0,0.0,5.113891496430756,276
train,0,fold0_train_sequence1,28,"10,13",2.6346356868743896,23,"10,13",2.6346356868743896,23,,,,"0,10",2.6344618797302246,0.00017380714416503906,0.0,0.00017380714416503906,,,0.0,0.0,5.357330330851686,276
train,0,fold0_train_sequence1,29,"7,8",3.537653684616089,1,"7,8",3.537653684616089,1,,,,"7,8",3.537653684616089,0.0,0.0,0.0,,,1.1205673217773438e-05,1.1205673217773438e-05,5.597089275076821,276
train,0,fold0_train_sequence1,30,"0,5",3.276472330093384,23,"0,5",3.276472330093384,23,,,,"1,5",3.2764716148376465,7.152557373046875e-07,0.0,7.152557373046875e-07,,,0.0,0.0,5.462309385559973,276
train,0,fold0_train_sequence1,31,"12,16",2.752480983734131,23,"12,16",2.752480983734131,23,,,,"2,16",2.7524735927581787,7.3909759521484375e-06,0.0,7.3909759521484375e-06,,,2.384185791015625e-07,2.384185791015625e-07,5.478401538465271,276
train,0,fold0_train_sequence1,32,"5,7",2.778723955154419,23,"5,7",2.778723955154419,23,,,,"0,5",2.778721809387207,2.1457672119140625e-06,0.0,2.1457672119140625e-06,,,0.0,0.0,5.4726475021437375,276
train,0,fold0_train_sequence1,33,"4,12",2.520627737045288,23,"4,12",2.520627737045288,23,,,,"0,4",2.52062726020813,4.76837158203125e-07,0.0,4.76837158203125e-07,,,0.0,0.0,5.34850504827263,276
train,0,fold0_train_sequence1,34,"6,14",3.9721593856811523,20,"6,14",3.9721593856811523,20,,,,"0,14",3.9721593856811523,0.0,0.0,0.0,,,0.0,0.0,5.475675649531586,276
train,0,fold0_train_sequence1,35,"11,17",3.4165725708007812,9,"11,17",3.4165725708007812,9,,,,"0,11",3.4165725708007812,0.0,0.0,0.0,,,0.0,0.0,5.533528102767916,276
train,0,fold0_train_sequence1,36,"16,21",3.6169495582580566,23,"16,21",3.6169495582580566,23,,,,"0,21",3.6169488430023193,7.152557373046875e-07,0.0,7.152557373046875e-07,,,0.0,0.0,5.3264024564447086,276
train,0,fold0_train_sequence1,37,"0,18",3.73447322845459,23,"0,18",3.73447322845459,23,,,,"1,18",3.7344717979431152,1.430511474609375e-06,0.0,1.430511474609375e-06,,,0.0,0.0,5.479837770602368,276
train,0,fold0_train_sequence1,38,"0,3",2.6946969032287598,23,"0,3",2.6946969032287598,23,,,,"0,1",2.694695472717285,1.430511474609375e-06,0.0,1.430511474609375e-06,,,0.0,0.0,5.028675695610662,276
train,0,fold0_train_sequence1,39,"13,22",3.188568353652954,23,"13,22",3.188568353652954,23,,,,"0,22",3.1884641647338867,0.00010418891906738281,0.0,0.00010418891906738281,,,0.0,0.0,5.493837820028292,276
train,0,fold0_train_sequence1,40,"7,19",2.498147964477539,23,"7,19",2.498147964477539,23,,,,"0,19",2.498129367828369,1.8596649169921875e-05,0.0,1.8596649169921875e-05,,,0.0,0.0,5.418657574844928,276
train,0,fold0_train_sequence1,41,"13,16",2.776226282119751,23,"13,16",2.776226282119751,23,,,,"0,16",2.7762255668640137,7.152557373046875e-07,0.0,7.152557373046875e-07,,,0.0,0.0,5.458252639049557,276
train,0,fold0_train_sequence1,42,"18,22",2.823789358139038,23,"18,22",2.823789358139038,23,,,,"0,22",2.8237874507904053,1.9073486328125e-06,0.0,1.9073486328125e-06,,,0.0,0.0,5.449231717250847,276
train,0,fold0_train_sequence1,43,"7,10",3.972782850265503,23,"7,10",3.972782850265503,23,,,,"0,10",3.9727797508239746,3.0994415283203125e-06,0.0,3.0994415283203125e-06,,,0.0,0.0,5.508966219306405,276
train,0,fold0_train_sequence1,44,"3,9",3.3381705284118652,23,"3,9",3.3381705284118652,23,,,,"0,3",3.3381705284118652,0.0,0.0,0.0,,,0.0,0.0,5.5307550951173665,276
train,0,fold0_train_sequence1,45,"10,13",2.032275438308716,23,"10,13",2.032275438308716,23,,,,"0,10",2.03225040435791,2.5033950805664062e-05,0.0,2.5033950805664062e-05,,,0.0,0.0,5.368995329743411,276
train,0,fold0_train_sequence1,46,"3,11",3.591989755630493,23,"3,11",3.591989755630493,23,,,,"0,11",3.5919876098632812,2.1457672119140625e-06,0.0,2.1457672119140625e-06,,,0.0,0.0,5.478248058164579,276
train,0,fold0_train_sequence1,47,"5,7",3.3279757499694824,23,"5,7",3.3279757499694824,23,,,,"0,7",3.327972888946533,2.86102294921875e-06,0.0,2.86102294921875e-06,,,0.0,0.0,5.449117947546362,276
train,0,fold0_train_sequence1,48,"0,19",2.4469947814941406,23,"0,19",2.4469947814941406,23,,,,"0,1",2.4469943046569824,4.76837158203125e-07,0.0,4.76837158203125e-07,,,0.0,0.0,5.032943283067141,276
train,0,fold0_train_sequence1,49,"10,13",3.255664348602295,23,"13,16",3.8467133045196533,24,,,,"10,14",3.2520804405212402,0.0035839080810546875,0.5910489559173584,0.5946328639984131,,,0.0,2.384185791015625e-07,5.561515073003544,276
train,0,fold0_train_sequence1,50,"8,18",1.5891633033752441,23,"8,18",1.5891633033752441,23,,,,"0,8",1.5891625881195068,7.152557373046875e-07,0.0,7.152557373046875e-07,,,0.0,0.0,5.122497461010098,276
train,0,fold0_train_sequence1,51,"6,11",2.3950438499450684,20,"6,11",2.3950438499450684,20,,,,"0,11",2.3950438499450684,0.0,0.0,0.0,,,0.0,0.0,5.4251144878624205,276
train,0,fold0_train_sequence1,52,"3,7",3.5830371379852295,23,"3,7",3.5830371379852295,23,,,,"0,7",3.5830297470092773,7.3909759521484375e-06,0.0,7.3909759521484375e-06,,,0.0,0.0,5.536813085455783,276
train,0,fold0_train_sequence1,53,"4,7",2.973994255065918,23,"4,7",2.973994255065918,23,,,,"0,7",2.9739882946014404,5.9604644775390625e-06,0.0,5.9604644775390625e-06,,,0.0,0.0,5.575407217263111,276
train,0,fold0_train_sequence1,54,"3,22",1.8939346075057983,23,"3,22",1.8939346075057983,23,,,,"0,22",1.8939344882965088,1.1920928955078125e-07,0.0,1.1920928955078125e-07,,,0.0,0.0,5.548653106164374,276
train,0,fold0_train_sequence1,55,"9,12",1.7531379461288452,23,"9,12",1.7531379461288452,23,,,,"0,12",1.7531379461288452,0.0,0.0,0.0,,,0.0,0.0,5.257059722235039,276
train,0,fold0_train_sequence1,56,"16,18",3.000467300415039,23,"16,18",3.000467300415039,23,,,,"0,16",3.000453472137451,1.3828277587890625e-05,0.0,1.3828277587890625e-05,,,0.0,0.0,5.418494713239657,276
train,0,fold0_train_sequence1,57,"3,9",2.1919095516204834,23,"3,9",2.1919095516204834,23,,,,"0,3",2.1919093132019043,2.384185791015625e-07,0.0,2.384185791015625e-07,,,0.0,0.0,5.2611033130202065,276
train,0,fold0_train_sequence1,58,"6,19",1.8707267045974731,20,"6,19",1.8707267045974731,20,,,,"0,19",1.8707267045974731,0.0,0.0,0.0,,,0.0,0.0,5.311157651869085,276
train,0,fold0_train_sequence1,59,"3,7",2.562483072280884,23,"3,7",2.562483072280884,23,,,,"0,7",2.5624821186065674,9.5367431640625e-07,0.0,9.5367431640625e-07,,,0.0,0.0,5.307591843222188,276
train,0,fold0_train_sequence1,60,"0,20",1.9843595027923584,23,"0,20",1.9843595027923584,23,,,,"0,1",1.9843591451644897,3.5762786865234375e-07,0.0,3.5762786865234375e-07,,,0.0,0.0,5.077585833247384,276
train,0,fold0_train_sequence1,61,"6,13",3.5238795280456543,20,"6,13",3.5238795280456543,20,,,,"0,13",3.5238795280456543,0.0,0.0,0.0,,,0.0,0.0,5.561153429411723,276
train,0,fold0_train_sequence1,62,"8,13",2.7229115962982178,12,"8,13",2.7229115962982178,12,,,,"0,8",2.7229115962982178,0.0,0.0,0.0,,,0.0,0.0,5.040250957240001,276
train,0,fold0_train_sequence2,0,"7,17",2.650073289871216,23,"7,17",2.650073289871216,23,,,,"0,17",2.6500463485717773,2.6941299438476562e-05,0.0,2.6941299438476562e-05,,,0.0,0.0,4.9557047106508385,276
train,0,fold0_train_sequence2,1,"4,13",2.129650354385376,23,"4,13",2.129650354385376,23,,,,"0,13",2.1296474933624268,2.86102294921875e-06,0.0,2.86102294921875e-06,,,0.0,0.0,5.309525722777874,276
train,0,fold0_train_sequence2,2,"6,15",1.915663242340088,20,"6,15",1.915663242340088,20,,,,"0,15",1.915663242340088,0.0,0.0,0.0,,,0.0,0.0,5.402396969203771,276
train,0,fold0_train_sequence2,3,"14,18",3.670370578765869,23,"14,18",3.670370578765869,23,,,,"0,14",3.670370101928711,4.76837158203125e-07,0.0,4.76837158203125e-07,,,0.0,0.0,5.423934997216388,276
train,0,fold0_train_sequence2,4,"5,8",2.941406726837158,23,"5,8",2.941406726837158,23,,,,"0,5",2.94140625,4.76837158203125e-07,0.0,4.76837158203125e-07,,,0.0,0.0,5.462208875096731,276
train,0,fold0_train_sequence2,5,"6,18",2.2811272144317627,23,"6,18",2.2811272144317627,23,,,,"0,18",2.281125545501709,1.6689300537109375e-06,0.0,1.6689300537109375e-06,,,0.0,0.0,5.439065459338021,276
train,0,fold0_train_sequence2,6,"4,9",2.0809860229492188,5,"4,9",2.0809860229492188,5,,,,"0,9",2.0809860229492188,0.0,0.0,0.0,,,0.0,0.0,5.1363491778021215,276
train,0,fold0_train_sequence2,7,"0,16",3.5266170501708984,1,"0,16",3.5266170501708984,1,,,,"0,16",3.5266170501708984,0.0,0.0,0.0,,,2.384185791015625e-07,2.384185791015625e-07,5.575192831148347,276
train,0,fold0_train_sequence2,8,"0,19",1.5669164657592773,23,"0,19",1.5669164657592773,23,,,,"0,1",1.5669161081314087,3.5762786865234375e-07,0.0,3.5762786865234375e-07,,,0.0,0.0,5.114760195900677,276
train,0,fold0_train_sequence2,9,"10,13",2.64323091506958,23,"10,13",2.64323091506958,23,,,,"0,10",2.643103837966919,0.0001270771026611328,0.0,0.0001270771026611328,,,0.0,0.0,5.357378653591518,276
train,0,fold0_train_sequence2,10,"7,8",3.534627914428711,1,"7,8",3.534627914428711,1,,,,"7,8",3.534627914428711,0.0,0.0,0.0,,,1.4543533325195312e-05,1.4543533325195312e-05,5.597100586583597,276
train,0,fold0_train_sequence2,11,"0,5",3.2912936210632324,1,"0,5",3.2912936210632324,1,,,,"0,5",3.2912936210632324,0.0,0.0,0.0,,,0.0,0.0,5.462353136560987,276
train,0,fold0_train_sequence2,12,"12,16",2.7178149223327637,23,"12,16",2.7178149223327637,23,,,,"0,16",2.717801094055176,1.3828277587890625e-05,0.0,1.3828277587890625e-05,,,0.0,0.0,5.481365119799104,276
train,0,fold0_train_sequence2,13,"5,7",2.8062353134155273,23,"5,7",2.8062353134155273,23,,,,"0,5",2.8062329292297363,2.384185791015625e-06,0.0,2.384185791015625e-06,,,0.0,0.0,5.472238207531162,276
train,0,fold0_train_sequence2,14,"4,12",2.5232126712799072,23,"4,12",2.5232126712799072,23,,,,"0,4",2.5232114791870117,1.1920928955078125e-06,0.0,1.1920928955078125e-06,,,0.0,0.0,5.347483336677099,276
train,0,fold0_train_sequence2,15,"6,14",3.966715097427368,23,"6,14",3.966715097427368,23,,,,"0,14",3.966714859008789,2.384185791015625e-07,0.0,2.384185791015625e-07,,,0.0,0.0,5.475829718804574,276
train,0,fold0_train_sequence2,16,"11,17",3.4223477840423584,9,"11,17",3.4223477840423584,9,,,,"0,11",3.4223477840423584,0.0,0.0,0.0,,,0.0,0.0,5.533042190834072,276
train,0,fold0_train_sequence2,17,"16,21",3.5989325046539307,23,"16,21",3.5989325046539307,23,,,,"0,21",3.5989317893981934,7.152557373046875e-07,0.0,7.152557373046875e-07,,,0.0,0.0,5.325966154561049,276
train,0,fold0_train_sequence2,18,"0,18",3.7728664875030518,23,"0,18",3.7728664875030518,23,,,,"1,18",3.7728652954101562,1.1920928955078125e-06,0.0,1.1920928955078125e-06,,,0.0,0.0,5.4797157496996105,276
train,0,fold0_train_sequence2,19,"0,3",2.6906304359436035,23,"0,3",2.6906304359436035,23,,,,"0,1",2.6906301975250244,2.384185791015625e-07,0.0,2.384185791015625e-07,,,0.0,0.0,5.0287008199577485,276
train,0,fold0_train_sequence2,20,"13,22",3.1957225799560547,23,"13,22",3.1957225799560547,23,,,,"0,22",3.1956448554992676,7.772445678710938e-05,0.0,7.772445678710938e-05,,,0.0,0.0,5.493212668864742,276
train,0,fold0_train_sequence2,21,"7,19",2.499539613723755,23,"7,19",2.499539613723755,23,,,,"0,19",2.4995245933532715,1.5020370483398438e-05,0.0,1.5020370483398438e-05,,,0.0,0.0,5.419538201700307,276
train,0,fold0_train_sequence2,22,"16,22",2.8026504516601562,23,"16,22",2.8026504516601562,23,,,,"0,16",2.802649974822998,4.76837158203125e-07,0.0,4.76837158203125e-07,,,0.0,0.0,5.458365590810382,276
train,0,fold0_train_sequence2,23,"18,22",2.8380327224731445,23,"18,22",2.8380327224731445,23,,,,"0,22",2.838031530380249,1.1920928955078125e-06,0.0,1.1920928955078125e-06,,,0.0,0.0,5.448094036467665,276
train,0,fold0_train_sequence2,24,"7,10",3.960659980773926,23,"7,10",3.960659980773926,23,,,,"0,10",3.960658550262451,1.430511474609375e-06,0.0,1.430511474609375e-06,,,0.0,0.0,5.509337971351861,276
train,0,fold0_train_sequence2,25,"3,9",3.339510917663574,23,"3,9",3.339510917663574,23,,,,"0,3",3.339510917663574,0.0,0.0,0.0,,,0.0,0.0,5.531365622740709,276
train,0,fold0_train_sequence2,26,"10,13",2.0328128337860107,23,"10,13",2.0328128337860107,23,,,,"0,10",2.0327959060668945,1.6927719116210938e-05,0.0,1.6927719116210938e-05,,,0.0,0.0,5.370039801938335,276
train,0,fold0_train_sequence2,27,"3,11",3.590200901031494,23,"3,11",3.590200901031494,23,,,,"0,11",3.590196371078491,4.5299530029296875e-06,0.0,4.5299530029296875e-06,,,0.0,0.0,5.477601552112054,276
train,0,fold0_train_sequence2,28,"5,7",3.3340506553649902,23,"5,7",3.3340506553649902,23,,,,"0,7",3.334047794342041,2.86102294921875e-06,0.0,2.86102294921875e-06,,,0.0,0.0,5.4503425832513015,276
train,0,fold0_train_sequence2,29,"0,19",2.461676597595215,11,"0,19",2.461676597595215,11,,,,"0,1",2.461676597595215,0.0,0.0,0.0,,,0.0,0.0,5.031862710684544,276
train,0,fold0_train_sequence2,30,"10,13",3.249434471130371,23,"13,16",3.842742443084717,24,,,,"1,10",3.2459306716918945,0.0035037994384765625,0.5933079719543457,0.5968117713928223,,,0.0,0.0,5.56181119972259,276
train,0,fold0_train_sequence2,31,"8,18",1.585642695426941,23,"8,18",1.585642695426941,23,,,,"0,8",1.5856422185897827,4.76837158203125e-07,0.0,4.76837158203125e-07,,,0.0,0.0,5.123758559529164,276
train,0,fold0_train_sequence2,32,"6,11",2.3982584476470947,23,"6,11",2.3982584476470947,23,,,,"0,11",2.3982582092285156,2.384185791015625e-07,0.0,2.384185791015625e-07,,,0.0,0.0,5.425828840700077,276
train,0,fold0_train_sequence2,33,"3,7",3.590311288833618,23,"3,7",3.590311288833618,23,,,,"0,7",3.5903048515319824,6.4373016357421875e-06,0.0,6.4373016357421875e-06,,,0.0,0.0,5.536477181204915,276
train,0,fold0_train_sequence2,34,"4,7",2.973801612854004,23,"4,7",2.973801612854004,23,,,,"0,7",2.9737930297851562,8.58306884765625e-06,0.0,8.58306884765625e-06,,,0.0,0.0,5.575385111310448,276
train,0,fold0_train_sequence2,35,"3,22",1.9114091396331787,1,"3,22",1.9114091396331787,1,,,,"3,22",1.9114091396331787,0.0,0.0,0.0,,,1.1920928955078125e-07,1.1920928955078125e-07,5.547988826798153,276
train,0,fold0_train_sequence2,36,"9,12",1.752853274345398,23,"9,12",1.752853274345398,23,,,,"0,12",1.7528530359268188,2.384185791015625e-07,0.0,2.384185791015625e-07,,,0.0,0.0,5.255737804329387,276
train,0,fold0_train_sequence2,37,"16,18",2.9848666191101074,23,"16,18",2.9848666191101074,23,,,,"0,16",2.9848570823669434,9.5367431640625e-06,0.0,9.5367431640625e-06,,,0.0,0.0,5.419832194411779,276
train,0,fold0_train_sequence2,38,"3,9",2.185729503631592,23,"3,9",2.185729503631592,23,,,,"0,3",2.185729503631592,0.0,0.0,0.0,,,0.0,0.0,5.261156712023696,276
train,0,fold0_train_sequence2,39,"6,19",1.8554490804672241,20,"6,19",1.8554490804672241,20,,,,"0,19",1.8554490804672241,0.0,0.0,0.0,,,0.0,0.0,5.311954099932636,276
train,0,fold0_train_sequence2,40,"3,7",2.553422689437866,23,"3,7",2.553422689437866,23,,,,"0,7",2.5534214973449707,1.1920928955078125e-06,0.0,1.1920928955078125e-06,,,0.0,0.0,5.306992822950496,276
train,0,fold0_train_sequence2,41,"0,20",1.986833095550537,23,"0,20",1.986833095550537,23,,,,"0,1",1.986832618713379,4.76837158203125e-07,0.0,4.76837158203125e-07,,,0.0,0.0,5.0764919312660535,276
train,0,fold0_train_sequence2,42,"6,13",3.542809009552002,20,"6,13",3.542809009552002,20,,,,"0,13",3.542809009552002,0.0,0.0,0.0,,,0.0,0.0,5.561147085698722,276
train,0,fold0_train_sequence2,43,"8,13",2.708683490753174,12,"8,13",2.708683490753174,12,,,,"0,8",2.708683490753174,0.0,0.0,0.0,,,0.0,0.0,5.041762728671371,276
train,0,fold0_train_sequence2,44,"7,22",2.6597695350646973,23,"7,22",2.6597695350646973,23,,,,"0,22",2.6597676277160645,1.9073486328125e-06,0.0,1.9073486328125e-06,,,0.0,0.0,5.504738064387502,276
train,0,fold0_train_sequence2,45,"4,18",2.024956226348877,23,"4,18",2.024956226348877,23,,,,"0,4",2.0249557495117188,4.76837158203125e-07,0.0,4.76837158203125e-07,,,0.0,0.0,5.5075855925992485,276
train,0,fold0_train_sequence2,46,"0,22",3.828765392303467,1,"0,22",3.828765392303467,1,,,,"0,22",3.828765392303467,0.0,0.0,0.0,,,0.0,0.0,5.550601786237471,276
train,0,fold0_train_sequence2,47,"0,13",3.5623703002929688,23,"0,13",3.5623703002929688,23,,,,"0,1",3.56235408782959,1.621246337890625e-05,0.0,1.621246337890625e-05,,,0.0,0.0,5.5771710099951655,276
train,0,fold0_train_sequence2,48,"8,18",2.682034730911255,23,"8,18",2.682034730911255,23,,,,"0,8",2.6820342540740967,4.76837158203125e-07,0.0,4.76837158203125e-07,,,0.0,0.0,5.5646083768282635,276
train,0,fold0_train_sequence2,49,"6,15",1.7478206157684326,20,"6,15",1.7478206157684326,20,,,,"0,15",1.7478206157684326,0.0,0.0,0.0,,,0.0,0.0,5.427696229620715,276
train,0,fold0_train_sequence2,50,"0,13",2.5577008724212646,23,"0,13",2.5577008724212646,23,,,,"1,13",2.5577006340026855,2.384185791015625e-07,0.0,2.384185791015625e-07,,,0.0,0.0,5.277194477962816,276
train,0,fold0_train_sequence2,51,"4,18",3.0536580085754395,23,"4,18",3.0536580085754395,23,,,,"0,4",3.053656578063965,1.430511474609375e-06,0.0,1.430511474609375e-06,,,0.0,0.0,5.4172054032709385,276
train,0,fold0_train_sequence2,52,"6,21",3.3540267944335938,23,"6,21",3.3540267944335938,23,,,,"0,6",3.354015827178955,1.0967254638671875e-05,0.0,1.0967254638671875e-05,,,0.0,0.0,5.145308566036385,276
train,0,fold0_train_sequence2,53,"0,9",1.1351730823516846,23,"0,9",1.1351730823516846,23,,,,"0,1",1.1351728439331055,2.384185791015625e-07,0.0,2.384185791015625e-07,,,0.0,0.0,5.184892317052996,276
train,0,fold0_train_sequence2,54,"12,22",4.863259315490723,5,"12,22",4.863259315490723,5,,,,"0,22",4.863259315490723,0.0,0.0,0.0,,,0.0,0.0,5.440648636848886,276
train,0,fold0_train_sequence2,55,"4,6",3.2303366661071777,20,"4,6",3.2303366661071777,20,,,,"0,4",3.2303366661071777,0.0,0.0,0.0,,,0.0,0.0,5.516539473638224,276
train,0,fold0_train_sequence2,56,"0,18",3.043283462524414,23,"0,18",3.043283462524414,23,,,,"1,18",3.043283224105835,2.384185791015625e-07,0.0,2.384185791015625e-07,,,0.0,0.0,5.5182509365129535,276
train,0,fold0_train_sequence2,57,"7,11",3.774724245071411,23,"7,11",3.774724245071411,23,,,,"0,11",3.774714946746826,9.298324584960938e-06,0.0,9.298324584960938e-06,,,0.0,0.0,5.475367779223209,276
train,0,fold0_train_sequence2,58,"16,21",2.492258071899414,9,"16,21",2.492258071899414,9,,,,"0,21",2.492258071899414,0.0,0.0,0.0,,,0.0,0.0,5.367575899236153,276
train,0,fold0_train_sequence2,59,"7,16",2.23047137260437,23,"7,16",2.23047137260437,23,,,,"0,7",2.2304651737213135,6.198883056640625e-06,0.0,6.198883056640625e-06,,,0.0,0.0,5.37054778056083,276
train,0,fold0_train_sequence2,60,"10,21",3.5950300693511963,23,"10,21",3.5950300693511963,23,,,,"0,10",3.595028877258301,1.1920928955078125e-06,0.0,1.1920928955078125e-06,,,0.0,0.0,5.58559609743812,276
train,0,fold0_train_sequence2,61,"0,18",2.2606685161590576,23,"0,18",2.2606685161590576,23,,,,"1,18",2.260667562484741,9.5367431640625e-07,0.0,9.5367431640625e-07,,,0.0,0.0,5.513253377801793,276
train,0,fold0_train_sequence2,62,"8,12",1.5735759735107422,23,"8,12",1.5735759735107422,23,,,,"0,8",1.5735752582550049,7.152557373046875e-07,0.0,7.152557373046875e-07,,,0.0,0.0,5.121167955391915,276
train,0,fold0_train_sequence3,0,"13,22",3.1932716369628906,6,"13,22",3.1932716369628906,6,,,,"0,22",3.1932716369628906,0.0,0.0,0.0,,,0.0,0.0,5.49304752951845,276
train,0,fold0_train_sequence3,1,"7,19",2.4854679107666016,23,"7,19",2.4854679107666016,23,,,,"0,19",2.4854586124420166,9.298324584960938e-06,0.0,9.298324584960938e-06,,,0.0,0.0,5.419821964181767,276
train,0,fold0_train_sequence3,2,"16,22",2.7845325469970703,23,"16,22",2.7845325469970703,23,,,,"0,16",2.784532070159912,4.76837158203125e-07,0.0,4.76837158203125e-07,,,0.0,0.0,5.458495490962504,276
train,0,fold0_train_sequence3,3,"18,22",2.850268840789795,23,"18,22",2.850268840789795,23,,,,"0,22",2.8502674102783203,1.430511474609375e-06,0.0,1.430511474609375e-06,,,0.0,0.0,5.448147018784435,276
train,0,fold0_train_sequence3,4,"7,10",3.958120584487915,23,"7,10",3.958120584487915,23,,,,"0,10",3.958118438720703,2.1457672119140625e-06,0.0,2.1457672119140625e-06,,,0.0,0.0,5.508952724595709,276
train,0,fold0_train_sequence3,5,"3,9",3.3189444541931152,23,"3,9",3.3189444541931152,23,,,,"0,3",3.3189444541931152,0.0,0.0,0.0,,,0.0,0.0,5.533023275866523,276
train,0,fold0_train_sequence3,6,"10,13",2.0231502056121826,23,"3,10",2.023138999938965,22,,,,"0,10",2.023137092590332,1.3113021850585938e-05,-1.1205673217773438e-05,1.9073486328125e-06,,,0.0,0.0,5.371534202043051,276
train,0,fold0_train_sequence3,7,"3,11",3.5862274169921875,23,"3,11",3.5862274169921875,23,,,,"0,11",3.5862247943878174,2.6226043701171875e-06,0.0,2.6226043701171875e-06,,,0.0,0.0,5.4779903590831225,276
train,0,fold0_train_sequence3,8,"5,7",3.341653823852539,23,"5,7",3.341653823852539,23,,,,"0,7",3.3416473865509033,6.4373016357421875e-06,0.0,6.4373016357421875e-06,,,0.0,0.0,5.448432847466844,276
train,0,fold0_train_sequence3,9,"0,19",2.4581174850463867,11,"0,19",2.4581174850463867,11,,,,"0,1",2.4581174850463867,0.0,0.0,0.0,,,0.0,0.0,5.034519347244671,276
train,0,fold0_train_sequence3,10,"10,13",3.2740817070007324,23,"13,16",3.863935947418213,24,,,,"10,14",3.271913528442383,0.0021681785583496094,0.5898542404174805,0.5920224189758301,,,2.384185791015625e-07,4.76837158203125e-07,5.5617417856893745,276
train,0,fold0_train_sequence3,11,"8,18",1.6060744524002075,23,"8,18",1.6060744524002075,23,,,,"0,8",1.606073021888733,1.430511474609375e-06,0.0,1.430511474609375e-06,,,0.0,0.0,5.1194782904247615,276
train,0,fold0_train_sequence3,12,"6,11",2.3850536346435547,23,"6,11",2.3850536346435547,23,,,,"0,11",2.3850531578063965,4.76837158203125e-07,0.0,4.76837158203125e-07,,,0.0,0.0,5.425778625528123,276
train,0,fold0_train_sequence3,13,"3,7",3.576244354248047,23,"3,7",3.576244354248047,23,,,,"0,7",3.576237201690674,7.152557373046875e-06,0.0,7.152557373046875e-06,,,0.0,0.0,5.536785921820157,276
train,0,fold0_train_sequence3,14,"4,7",2.975766658782959,23,"4,7",2.975766658782959,23,,,,"0,7",2.975755214691162,1.1444091796875e-05,0.0,1.1444091796875e-05,,,0.0,0.0,5.575351001766818,276
train,0,fold0_train_sequence3,15,"3,22",1.9147952795028687,17,"3,22",1.9147952795028687,17,,,,"0,22",1.9147952795028687,0.0,0.0,0.0,,,0.0,0.0,5.547693525968447,276
train,0,fold0_train_sequence3,16,"9,12",1.7636135816574097,1,"9,12",1.7636135816574097,1,,,,"9,12",1.7636135816574097,0.0,0.0,0.0,,,1.1920928955078125e-07,1.1920928955078125e-07,5.254944164928271,276
train,0,fold0_train_sequence3,17,"16,18",3.009596586227417,23,"16,18",3.009596586227417,23,,,,"0,16",3.00958251953125,1.4066696166992188e-05,0.0,1.4066696166992188e-05,,,0.0,0.0,5.418359330920931,276
train,0,fold0_train_sequence3,18,"3,9",2.1638619899749756,23,"3,9",2.1638619899749756,23,,,,"0,3",2.1638617515563965,2.384185791015625e-07,0.0,2.384185791015625e-07,,,0.0,0.0,5.263341819533964,276
train,0,fold0_train_sequence3,19,"6,19",1.851566195487976,20,"6,19",1.851566195487976,20,,,,"0,19",1.851566195487976,0.0,0.0,0.0,,,0.0,0.0,5.313387128574098,276
train,0,fold0_train_sequence3,20,"3,7",2.559720993041992,23,"3,7",2.559720993041992,23,,,,"0,7",2.5597195625305176,1.430511474609375e-06,0.0,1.430511474609375e-06,,,0.0,0.0,5.30735350228289,276
train,0,fold0_train_sequence3,21,"0,20",1.9998587369918823,23,"0,20",1.9998587369918823,23,,,,"0,1",1.9998583793640137,3.5762786865234375e-07,0.0,3.5762786865234375e-07,,,0.0,0.0,5.076155570413372,276
train,0,fold0_train_sequence3,22,"6,13",3.560676097869873,20,"6,13",3.560676097869873,20,,,,"0,13",3.560676097869873,0.0,0.0,0.0,,,0.0,0.0,5.560912431152441,276
train,0,fold0_train_sequence3,23,"8,13",2.739487648010254,12,"8,13",2.739487648010254,12,,,,"0,8",2.739487648010254,0.0,0.0,0.0,,,0.0,0.0,5.039708386272333,276
train,0,fold0_train_sequence3,24,"7,22",2.6395599842071533,21,"7,22",2.6395599842071533,21,,,,"0,22",2.6395599842071533,0.0,0.0,0.0,,,0.0,0.0,5.505290887033843,276
train,0,fold0_train_sequence3,25,"4,18",2.001554250717163,23,"4,18",2.001554250717163,23,,,,"0,4",2.001553773880005,4.76837158203125e-07,0.0,4.76837158203125e-07,,,0.0,0.0,5.508524300016167,276
train,0,fold0_train_sequence3,26,"0,22",3.8085641860961914,1,"0,22",3.8085641860961914,1,,,,"0,22",3.8085641860961914,0.0,0.0,0.0,,,0.0,0.0,5.550885300025132,276
train,0,fold0_train_sequence3,27,"0,13",3.5592727661132812,23,"0,13",3.5592727661132812,23,,,,"0,1",3.559258460998535,1.430511474609375e-05,0.0,1.430511474609375e-05,,,0.0,0.0,5.577440252312409,276
train,0,fold0_train_sequence3,28,"8,18",2.70740008354187,23,"8,18",2.70740008354187,23,,,,"0,8",2.707399606704712,4.76837158203125e-07,0.0,4.76837158203125e-07,,,0.0,0.0,5.564212276314542,276
train,0,fold0_train_sequence3,29,"6,15",1.7723944187164307,20,"6,15",1.7723944187164307,20,,,,"0,15",1.7723944187164307,0.0,0.0,0.0,,,0.0,0.0,5.426870859964616,276
train,0,fold0_train_sequence3,30,"0,13",2.560577154159546,1,"0,13",2.560577154159546,1,,,,"0,13",2.560577154159546,0.0,0.0,0.0,,,0.0,0.0,5.276327815990817,276
train,0,fold0_train_sequence3,31,"4,18",3.0293569564819336,23,"4,18",3.0293569564819336,23,,,,"0,4",3.029356002807617,9.5367431640625e-07,0.0,9.5367431640625e-07,,,0.0,0.0,5.418157506312492,276
train,0,fold0_train_sequence3,32,"6,21",3.354094982147217,23,"6,21",3.354094982147217,23,,,,"0,6",3.3540897369384766,5.245208740234375e-06,0.0,5.245208740234375e-06,,,0.0,0.0,5.147914534110129,276
train,0,fold0_train_sequence3,33,"0,9",1.1400864124298096,23,"0,9",1.1400864124298096,23,,,,"0,1",1.1400854587554932,9.5367431640625e-07,0.0,9.5367431640625e-07,,,0.0,0.0,5.184006706085313,276
train,0,fold0_train_sequence3,34,"12,22",4.869626045227051,5,"12,22",4.869626045227051,5,,,,"0,22",4.869626045227051,0.0,0.0,0.0,,,0.0,0.0,5.442455197002123,276
train,0,fold0_train_sequence3,35,"4,6",3.2387847900390625,23,"4,6",3.2387847900390625,23,,,,"0,4",3.238784074783325,7.152557373046875e-07,0.0,7.152557373046875e-07,,,0.0,0.0,5.516382952758521,276
train,0,fold0_train_sequence3,36,"0,18",3.0371592044830322,23,"0,18",3.0371592044830322,23,,,,"1,18",3.037158966064453,2.384185791015625e-07,0.0,2.384185791015625e-07,,,0.0,0.0,5.518491725278092,276
train,0,fold0_train_sequence3,37,"7,11",3.7841384410858154,23,"7,11",3.7841384410858154,23,,,,"0,11",3.7841150760650635,2.3365020751953125e-05,0.0,2.3365020751953125e-05,,,0.0,0.0,5.475546461425917,276
train,0,fold0_train_sequence3,38,"9,21",2.5066914558410645,23,"9,21",2.5066914558410645,23,,,,"0,21",2.5066914558410645,0.0,0.0,0.0,,,0.0,0.0,5.368308944484498,276
train,0,fold0_train_sequence3,39,"7,16",2.2403781414031982,23,"7,16",2.2403781414031982,23,,,,"0,7",2.2403721809387207,5.9604644775390625e-06,0.0,5.9604644775390625e-06,,,0.0,0.0,5.368177697560856,276
train,0,fold0_train_sequence3,40,"10,21",3.580284595489502,23,"10,21",3.580284595489502,23,,,,"0,10",3.5802831649780273,1.430511474609375e-06,0.0,1.430511474609375e-06,,,0.0,0.0,5.585438671778431,276
train,0,fold0_train_sequence3,41,"0,18",2.27301025390625,23,"0,18",2.27301025390625,23,,,,"1,18",2.273010015487671,2.384185791015625e-07,0.0,2.384185791015625e-07,,,0.0,0.0,5.513294777338294,276
train,0,fold0_train_sequence3,42,"8,12",1.590775728225708,23,"8,12",1.590775728225708,23,,,,"0,8",1.590774416923523,1.3113021850585938e-06,0.0,1.3113021850585938e-06,,,0.0,0.0,5.118293440628165,276
train,0,fold0_train_sequence3,43,"0,6",2.325408697128296,23,"0,6",2.325408697128296,23,,,,"0,1",2.325408458709717,2.384185791015625e-07,0.0,2.384185791015625e-07,,,0.0,0.0,5.014179566710865,276
train,0,fold0_train_sequence3,44,"3,10",2.623493194580078,23,"3,10",2.623493194580078,23,,,,"0,10",2.623483419418335,9.775161743164062e-06,0.0,9.775161743164062e-06,,,0.0,0.0,5.353867167511689,276
train,0,fold0_train_sequence3,45,"7,8",3.6032557487487793,23,"7,8",3.6032557487487793,23,,,,"0,8",3.6032190322875977,3.6716461181640625e-05,0.0,3.6716461181640625e-05,,,0.0,0.0,5.540147847427888,276
train,0,fold0_train_sequence3,46,"5,14",2.903952121734619,23,"5,14",2.903952121734619,23,,,,"0,14",2.9039502143859863,1.9073486328125e-06,0.0,1.9073486328125e-06,,,0.0,0.0,5.456487254399004,276
train,0,fold0_train_sequence3,47,"6,17",2.6279499530792236,23,"6,17",2.6279499530792236,23,,,,"0,17",2.6279494762420654,4.76837158203125e-07,0.0,4.76837158203125e-07,,,0.0,0.0,4.961900325299845,276
train,0,fold0_train_sequence3,48,"4,13",2.126303195953369,23,"4,13",2.126303195953369,23,,,,"0,13",2.126302480697632,7.152557373046875e-07,0.0,7.152557373046875e-07,,,0.0,0.0,5.308882587984217,276
train,0,fold0_train_sequence3,49,"6,15",1.899566411972046,20,"6,15",1.899566411972046,20,,,,"0,15",1.899566411972046,0.0,0.0,0.0,,,0.0,0.0,5.40107977507818,276
train,0,fold0_train_sequence3,50,"14,18",3.6916685104370117,23,"14,18",3.6916685104370117,23,,,,"0,14",3.6916680335998535,4.76837158203125e-07,0.0,4.76837158203125e-07,,,0.0,0.0,5.422884959085816,276
train,0,fold0_train_sequence3,51,"5,8",2.9419050216674805,23,"5,8",2.9419050216674805,23,,,,"0,5",2.941904306411743,7.152557373046875e-07,0.0,7.152557373046875e-07,,,0.0,0.0,5.4628483977515385,276
train,0,fold0_train_sequence3,52,"6,18",2.295130729675293,23,"6,18",2.295130729675293,23,,,,"0,18",2.2951300144195557,7.152557373046875e-07,0.0,7.152557373046875e-07,,,0.0,0.0,5.438583668164511,276
train,0,fold0_train_sequence3,53,"4,9",2.092406749725342,5,"4,9",2.092406749725342,5,,,,"0,9",2.092406749725342,0.0,0.0,0.0,,,0.0,0.0,5.136115750910724,276
train,0,fold0_train_sequence3,54,"0,16",3.5254712104797363,23,"0,16",3.5254712104797363,23,,,,"0,1",3.5254709720611572,2.384185791015625e-07,0.0,2.384185791015625e-07,,,0.0,0.0,5.574935003043165,276
train,0,fold0_train_sequence3,55,"0,19",1.5616167783737183,23,"0,3",1.5616165399551392,22,,,,"0,1",1.561616063117981,7.152557373046875e-07,-2.384185791015625e-07,4.76837158203125e-07,,,0.0,0.0,5.116327120855097,276
train,0,fold0_train_sequence3,56,"10,13",2.623656749725342,23,"10,13",2.623656749725342,23,,,,"0,10",2.623483419418335,0.00017333030700683594,0.0,0.00017333030700683594,,,0.0,0.0,5.357285243847512,276
train,0,fold0_train_sequence3,57,"7,8",3.5226659774780273,1,"7,8",3.5226659774780273,1,,,,"7,8",3.5226659774780273,0.0,0.0,0.0,,,1.8835067749023438e-05,1.8835067749023438e-05,5.596931169760889,276
train,0,fold0_train_sequence3,58,"0,5",3.2869224548339844,23,"0,5",3.2869224548339844,23,,,,"1,5",3.2869222164154053,2.384185791015625e-07,0.0,2.384185791015625e-07,,,0.0,0.0,5.462992266826218,276
train,0,fold0_train_sequence3,59,"12,16",2.723635673522949,23,"2,16",2.723630428314209,22,,,,"0,16",2.72363018989563,5.4836273193359375e-06,-5.245208740234375e-06,2.384185791015625e-07,,,0.0,0.0,5.479805570073454,276
train,0,fold0_train_sequence3,60,"5,7",2.7857940196990967,23,"5,7",2.7857940196990967,23,,,,"0,5",2.7857885360717773,5.4836273193359375e-06,0.0,5.4836273193359375e-06,,,0.0,0.0,5.4727830192256715,276
train,0,fold0_train_sequence3,61,"4,12",2.5185084342956543,23,"4,12",2.5185084342956543,23,,,,"0,4",2.518507957458496,4.76837158203125e-07,0.0,4.76837158203125e-07,,,0.0,0.0,5.348500495527652,276
train,0,fold0_train_sequence3,62,"6,14",3.9821887016296387,1,"6,14",3.9821887016296387,1,,,,"6,14",3.9821887016296387,0.0,0.0,0.0,,,2.384185791015625e-07,2.384185791015625e-07,5.475369801391956,276
train,0,fold0_train_sequence4,0,"11,19",1.8632553815841675,23,"11,19",1.8632553815841675,23,,,,"0,19",1.863255262374878,1.1920928955078125e-07,0.0,1.1920928955078125e-07,,,0.0,0.0,5.309919465016715,276
train,0,fold0_train_sequence4,1,"3,7",2.5916948318481445,23,"3,7",2.5916948318481445,23,,,,"0,7",2.59169340133667,1.430511474609375e-06,0.0,1.430511474609375e-06,,,0.0,0.0,5.30676147648367,276
train,0,fold0_train_sequence4,2,"0,20",1.976269245147705,23,"0,20",1.976269245147705,23,,,,"0,1",1.9762682914733887,9.5367431640625e-07,0.0,9.5367431640625e-07,,,0.0,0.0,5.077966478746735,276
train,0,fold0_train_sequence4,3,"6,13",3.561403751373291,20,"6,13",3.561403751373291,20,,,,"0,13",3.561403751373291,0.0,0.0,0.0,,,0.0,0.0,5.561122584850409,276
train,0,fold0_train_sequence4,4,"8,13",2.745304822921753,12,"0,8",2.745304822921753,1,,,,"0,8",2.745304822921753,0.0,0.0,0.0,,,0.0,0.0,5.038509831786245,276
train,0,fold0_train_sequence4,5,"7,22",2.643416404724121,23,"7,22",2.643416404724121,23,,,,"0,22",2.643416166305542,2.384185791015625e-07,0.0,2.384185791015625e-07,,,0.0,0.0,5.505421437548183,276
train,0,fold0_train_sequence4,6,"4,18",1.994350552558899,23,"4,18",1.994350552558899,23,,,,"0,4",1.9943495988845825,9.5367431640625e-07,0.0,9.5367431640625e-07,,,0.0,0.0,5.508097594619738,276
train,0,fold0_train_sequence4,7,"0,22",3.8247594833374023,1,"0,22",3.8247594833374023,1,,,,"0,22",3.8247594833374023,0.0,0.0,0.0,,,0.0,0.0,5.5511739522660735,276
train,0,fold0_train_sequence4,8,"0,13",3.5707643032073975,23,"0,13",3.5707643032073975,23,,,,"0,1",3.5707597732543945,4.5299530029296875e-06,0.0,4.5299530029296875e-06,,,0.0,0.0,5.578091245498941,276
train,0,fold0_train_sequence4,9,"8,18",2.680840253829956,23,"8,18",2.680840253829956,23,,,,"0,8",2.6808395385742188,7.152557373046875e-07,0.0,7.152557373046875e-07,,,0.0,0.0,5.564373764588708,276
train,0,fold0_train_sequence4,10,"6,15",1.7745091915130615,20,"6,15",1.7745091915130615,20,,,,"0,15",1.7745091915130615,0.0,0.0,0.0,,,0.0,0.0,5.42594825579936,276
train,0,fold0_train_sequence4,11,"0,13",2.573031187057495,23,"0,13",2.573031187057495,23,,,,"1,13",2.5730302333831787,9.5367431640625e-07,0.0,9.5367431640625e-07,,,0.0,0.0,5.2749514677631835,276
train,0,fold0_train_sequence4,12,"4,18",3.0574350357055664,23,"4,18",3.0574350357055664,23,,,,"0,4",3.0574331283569336,1.9073486328125e-06,0.0,1.9073486328125e-06,,,0.0,0.0,5.417390741546673,276
train,0,fold0_train_sequence4,13,"6,21",3.3534717559814453,23,"6,21",3.3534717559814453,23,,,,"0,6",3.3534584045410156,1.33514404296875e-05,0.0,1.33514404296875e-05,,,0.0,0.0,5.144326160873909,276
train,0,fold0_train_sequence4,14,"0,9",1.1122212409973145,23,"0,9",1.1122212409973145,23,,,,"0,1",1.1122205257415771,7.152557373046875e-07,0.0,7.152557373046875e-07,,,0.0,0.0,5.191005144681081,276
train,0,fold0_train_sequence4,15,"12,22",4.852405548095703,5,"12,22",4.852405548095703,5,,,,"0,22",4.852405548095703,0.0,0.0,0.0,,,0.0,0.0,5.441511108539922,276
train,0,fold0_train_sequence4,16,"4,6",3.2337279319763184,20,"4,6",3.2337279319763184,20,,,,"0,4",3.2337279319763184,0.0,0.0,0.0,,,0.0,0.0,5.515964634876098,276
train,0,fold0_train_sequence4,17,"0,18",3.012010335922241,23,"0,18",3.012010335922241,23,,,,"1,18",3.012010097503662,2.384185791015625e-07,0.0,2.384185791015625e-07,,,0.0,0.0,5.518414176586805,276
train,0,fold0_train_sequence4,18,"7,11",3.7894797325134277,23,"7,11",3.7894797325134277,23,,,,"0,11",3.78947114944458,8.58306884765625e-06,0.0,8.58306884765625e-06,,,0.0,0.0,5.474899890840799,276
train,0,fold0_train_sequence4,19,"9,21",2.496521472930908,23,"16,21",2.496521472930908,9,,,,"0,21",2.496521472930908,0.0,0.0,0.0,,,0.0,0.0,5.367416173475829,276
train,0,fold0_train_sequence4,20,"7,16",2.2351083755493164,23,"7,16",2.2351083755493164,23,,,,"0,7",2.2350997924804688,8.58306884765625e-06,0.0,8.58306884765625e-06,,,0.0,0.0,5.368957823118762,276
train,0,fold0_train_sequence4,21,"10,21",3.6014983654022217,23,"10,21",3.6014983654022217,23,,,,"0,10",3.6014974117279053,9.5367431640625e-07,0.0,9.5367431640625e-07,,,0.0,0.0,5.5854294947504055,276
train,0,fold0_train_sequence4,22,"0,18",2.2688193321228027,23,"0,18",2.2688193321228027,23,,,,"1,18",2.2688186168670654,7.152557373046875e-07,0.0,7.152557373046875e-07,,,0.0,0.0,5.513114310030908,276
train,0,fold0_train_sequence4,23,"8,12",1.5718787908554077,23,"8,12",1.5718787908554077,23,,,,"0,8",1.571876883506775,1.9073486328125e-06,0.0,1.9073486328125e-06,,,0.0,0.0,5.1201137435353266,276
train,0,fold0_train_sequence4,24,"0,6",2.2890872955322266,23,"0,6",2.2890872955322266,23,,,,"0,1",2.2890870571136475,2.384185791015625e-07,0.0,2.384185791015625e-07,,,0.0,0.0,5.016988377989647,276
train,0,fold0_train_sequence4,25,"3,10",2.6392593383789062,23,"3,10",2.6392593383789062,23,,,,"0,10",2.639253854751587,5.4836273193359375e-06,0.0,5.4836273193359375e-06,,,0.0,0.0,5.354300901928136,276
train,0,fold0_train_sequence4,26,"7,8",3.5926122665405273,23,"7,8",3.5926122665405273,23,,,,"0,8",3.592582941055298,2.9325485229492188e-05,0.0,2.9325485229492188e-05,,,0.0,0.0,5.540121183333779,276
train,0,fold0_train_sequence4,27,"5,14",2.90220308303833,23,"5,14",2.90220308303833,23,,,,"0,14",2.9022021293640137,9.5367431640625e-07,0.0,9.5367431640625e-07,,,0.0,0.0,5.456988438840794,276
train,0,fold0_train_sequence4,28,"6,17",2.622947931289673,23,"6,17",2.622947931289673,23,,,,"0,17",2.6229474544525146,4.76837158203125e-07,0.0,4.76837158203125e-07,,,0.0,0.0,4.962611812014829,276
train,0,fold0_train_sequence4,29,"4,13",2.1362969875335693,23,"4,13",2.1362969875335693,23,,,,"0,13",2.1362967491149902,2.384185791015625e-07,0.0,2.384185791015625e-07,,,0.0,0.0,5.308062058821846,276
train,0,fold0_train_sequence4,30,"6,15",1.9170207977294922,20,"6,15",1.9170207977294922,20,,,,"0,15",1.9170207977294922,0.0,0.0,0.0,,,0.0,0.0,5.399966699798701,276
train,0,fold0_train_sequence4,31,"14,18",3.683711528778076,23,"14,18",3.683711528778076,23,,,,"0,14",3.683711051940918,4.76837158203125e-07,0.0,4.76837158203125e-07,,,0.0,0.0,5.4225649597284065,276
train,0,fold0_train_sequence4,32,"5,8",2.9520926475524902,23,"5,8",2.9520926475524902,23,,,,"0,5",2.9520914554595947,1.1920928955078125e-06,0.0,1.1920928955078125e-06,,,0.0,0.0,5.463893065378956,276
train,0,fold0_train_sequence4,33,"6,18",2.2894558906555176,23,"6,18",2.2894558906555176,23,,,,"0,18",2.2894554138183594,4.76837158203125e-07,0.0,4.76837158203125e-07,,,0.0,0.0,5.43934707269161,276
train,0,fold0_train_sequence4,34,"4,9",2.0597236156463623,1,"4,9",2.0597236156463623,1,,,,"4,9",2.0597236156463623,0.0,0.0,0.0,,,2.384185791015625e-07,2.384185791015625e-07,5.138206042609172,276
train,0,fold0_train_sequence4,35,"0,16",3.5273313522338867,8,"0,16",3.5273313522338867,8,,,,"0,1",3.5273313522338867,0.0,0.0,0.0,,,0.0,0.0,5.57498532695495,276
train,0,fold0_train_sequence4,36,"0,19",1.551332950592041,11,"0,6",1.551332950592041,20,,,,"0,1",1.551332950592041,0.0,0.0,0.0,,,0.0,0.0,5.1157986365893615,276
train,0,fold0_train_sequence4,37,"10,13",2.6394176483154297,23,"10,13",2.6394176483154297,23,,,,"0,10",2.639253854751587,0.00016379356384277344,0.0,0.00016379356384277344,,,0.0,0.0,5.35713630307232,276
train,0,fold0_train_sequence4,38,"7,8",3.519639015197754,1,"7,8",3.519639015197754,1,,,,"7,8",3.519639015197754,0.0,0.0,0.0,,,1.2636184692382812e-05,1.2636184692382812e-05,5.596905713087143,276
train,0,fold0_train_sequence4,39,"0,5",3.2840611934661865,23,"0,5",3.2840611934661865,23,,,,"1,5",3.28406023979187,9.5367431640625e-07,0.0,9.5367431640625e-07,,,0.0,0.0,5.462609081213177,276
train,0,fold0_train_sequence4,40,"12,16",2.754591226577759,23,"12,16",2.754591226577759,23,,,,"0,16",2.754584789276123,6.4373016357421875e-06,0.0,6.4373016357421875e-06,,,0.0,0.0,5.478399425007819,276
train,0,fold0_train_sequence4,41,"5,7",2.7756340503692627,23,"5,7",2.7756340503692627,23,,,,"0,5",2.775629997253418,4.0531158447265625e-06,0.0,4.0531158447265625e-06,,,0.0,0.0,5.473054391157106,276
train,0,fold0_train_sequence4,42,"4,12",2.51383638381958,23,"4,12",2.51383638381958,23,,,,"0,4",2.5138354301452637,9.5367431640625e-07,0.0,9.5367431640625e-07,,,0.0,0.0,5.348688864145865,276
train,0,fold0_train_sequence4,43,"6,14",3.9720613956451416,23,"6,14",3.9720613956451416,23,,,,"0,14",3.9720611572265625,2.384185791015625e-07,0.0,2.384185791015625e-07,,,0.0,0.0,5.475373368950354,276
train,0,fold0_train_sequence4,44,"11,17",3.4470601081848145,23,"11,17",3.4470601081848145,23,,,,"0,11",3.4470598697662354,2.384185791015625e-07,0.0,2.384185791015625e-07,,,0.0,0.0,5.533028366798597,276
train,0,fold0_train_sequence4,45,"16,21",3.6081936359405518,23,"16,21",3.6081936359405518,23,,,,"0,21",3.6081929206848145,7.152557373046875e-07,0.0,7.152557373046875e-07,,,0.0,0.0,5.3268132752801876,276
train,0,fold0_train_sequence4,46,"0,18",3.7732925415039062,23,"0,18",3.7732925415039062,23,,,,"1,18",3.7732911109924316,1.430511474609375e-06,0.0,1.430511474609375e-06,,,0.0,0.0,5.480657556552207,276
train,0,fold0_train_sequence4,47,"0,3",2.678765058517456,23,"0,3",2.678765058517456,23,,,,"0,1",2.678762912750244,2.1457672119140625e-06,0.0,2.1457672119140625e-06,,,0.0,0.0,5.029915128143189,276
train,0,fold0_train_sequence4,48,"13,22",3.223665475845337,23,"13,22",3.223665475845337,23,,,,"0,22",3.2236056327819824,5.984306335449219e-05,0.0,5.984306335449219e-05,,,0.0,0.0,5.493608844134609,276
train,0,fold0_train_sequence4,49,"7,19",2.48555588722229,23,"7,19",2.48555588722229,23,,,,"0,19",2.485542058944702,1.3828277587890625e-05,0.0,1.3828277587890625e-05,,,0.0,0.0,5.419313259587722,276
train,0,fold0_train_sequence4,50,"16,22",2.7803795337677,22,"16,22",2.7803795337677,22,,,,"0,16",2.780379295349121,2.384185791015625e-07,0.0,2.384185791015625e-07,,,0.0,0.0,5.458911313480768,276
train,0,fold0_train_sequence4,51,"18,22",2.814161539077759,23,"18,22",2.814161539077759,23,,,,"0,22",2.8141603469848633,1.1920928955078125e-06,0.0,1.1920928955078125e-06,,,0.0,0.0,5.449523804643998,276
train,0,fold0_train_sequence4,52,"7,10",3.9427175521850586,23,"7,10",3.9427175521850586,23,,,,"0,10",3.9427125453948975,5.0067901611328125e-06,0.0,5.0067901611328125e-06,,,0.0,0.0,5.509234467159904,276
train,0,fold0_train_sequence4,53,"3,9",3.346625328063965,23,"3,9",3.346625328063965,23,,,,"0,3",3.3466250896453857,2.384185791015625e-07,0.0,2.384185791015625e-07,,,0.0,0.0,5.53220672745299,276
train,0,fold0_train_sequence4,54,"10,13",2.0272786617279053,23,"10,13",2.0272786617279053,23,,,,"0,10",2.0272603034973145,1.8358230590820312e-05,0.0,1.8358230590820312e-05,,,0.0,0.0,5.370095964951311,276
train,0,fold0_train_sequence4,55,"3,11",3.5727996826171875,23,"3,11",3.5727996826171875,23,,,,"0,11",3.572798252105713,1.430511474609375e-06,0.0,1.430511474609375e-06,,,0.0,0.0,5.477339711579654,276
train,0,fold0_train_sequence4,56,"5,7",3.3420510292053223,23,"5,7",3.3420510292053223,23,,,,"0,7",3.3420464992523193,4.5299530029296875e-06,0.0,4.5299530029296875e-06,,,0.0,0.0,5.447824620013544,276
train,0,fold0_train_sequence4,57,"0,19",2.443279981613159,23,"0,19",2.443279981613159,23,,,,"0,1",2.44327974319458,2.384185791015625e-07,0.0,2.384185791015625e-07,,,0.0,0.0,5.034182486277933,276
train,0,fold0_train_sequence4,58,"10,13",3.2844860553741455,23,"6,16",3.9583890438079834,48,,,,"1,10",3.2821037769317627,0.0023822784423828125,0.6739029884338379,0.6762852668762207,,,0.0,2.384185791015625e-07,5.561522179748731,276
train,0,fold0_train_sequence4,59,"8,18",1.5977611541748047,23,"8,18",1.5977611541748047,23,,,,"0,8",1.5977603197097778,8.344650268554688e-07,0.0,8.344650268554688e-07,,,0.0,0.0,5.120900138675467,276
train,0,fold0_train_sequence4,60,"6,11",2.4123036861419678,1,"6,11",2.4123036861419678,1,,,,"6,11",2.4123036861419678,0.0,0.0,0.0,,,2.384185791015625e-07,2.384185791015625e-07,5.423828698434272,276
train,0,fold0_train_sequence4,61,"3,7",3.5819787979125977,23,"3,7",3.5819787979125977,23,,,,"0,7",3.581972360610962,6.4373016357421875e-06,0.0,6.4373016357421875e-06,,,0.0,0.0,5.536920208547712,276
train,0,fold0_train_sequence4,62,"4,7",2.9643635749816895,23,"4,7",2.9643635749816895,23,,,,"0,7",2.964357614517212,5.9604644775390625e-06,0.0,5.9604644775390625e-06,,,0.0,0.0,5.575298302757546,276
train,0,fold0_train_sequence5,0,"15,21",2.4986395835876465,23,"15,21",2.4986395835876465,23,,,,"0,21",2.4986090660095215,3.0517578125e-05,0.0,3.0517578125e-05,,,0.0,0.0,5.372980114470452,276
train,0,fold0_train_sequence5,1,"7,16",2.213674306869507,23,"7,16",2.213674306869507,23,,,,"0,7",2.2136683464050293,5.9604644775390625e-06,0.0,5.9604644775390625e-06,,,0.0,0.0,5.370865507495337,276
train,0,fold0_train_sequence5,2,"10,21",3.5927438735961914,23,"10,21",3.5927438735961914,23,,,,"0,10",3.592742919921875,9.5367431640625e-07,0.0,9.5367431640625e-07,,,0.0,0.0,5.585626986754246,276
train,0,fold0_train_sequence5,3,"0,18",2.2862203121185303,23,"0,18",2.2862203121185303,23,,,,"1,18",2.286219358444214,9.5367431640625e-07,0.0,9.5367431640625e-07,,,0.0,0.0,5.512784179075705,276
train,0,fold0_train_sequence5,4,"8,12",1.5790890455245972,23,"8,12",1.5790890455245972,23,,,,"0,8",1.5790882110595703,8.344650268554688e-07,0.0,8.344650268554688e-07,,,0.0,0.0,5.119930746162353,276
train,0,fold0_train_sequence5,5,"0,6",2.328125476837158,23,"0,6",2.328125476837158,23,,,,"0,1",2.328124761581421,7.152557373046875e-07,0.0,7.152557373046875e-07,,,0.0,0.0,5.014639760516914,276
train,0,fold0_train_sequence5,6,"3,10",2.6306982040405273,23,"3,10",2.6306982040405273,23,,,,"0,10",2.6306891441345215,9.059906005859375e-06,0.0,9.059906005859375e-06,,,0.0,0.0,5.354334213846467,276
train,0,fold0_train_sequence5,7,"7,8",3.6186881065368652,23,"7,8",3.6186881065368652,23,,,,"0,8",3.6186535358428955,3.457069396972656e-05,0.0,3.457069396972656e-05,,,0.0,0.0,5.5399102490177325,276
train,0,fold0_train_sequence5,8,"5,14",2.8985610008239746,23,"5,14",2.8985610008239746,23,,,,"0,14",2.8985583782196045,2.6226043701171875e-06,0.0,2.6226043701171875e-06,,,0.0,0.0,5.457232795045472,276
train,0,fold0_train_sequence5,9,"6,17",2.643406629562378,23,"6,17",2.643406629562378,23,,,,"0,17",2.643406391143799,2.384185791015625e-07,0.0,2.384185791015625e-07,,,0.0,0.0,4.961698469549753,276
train,0,fold0_train_sequence5,10,"4,13",2.122955799102783,23,"4,13",2.122955799102783,23,,,,"0,13",2.1229541301727295,1.6689300537109375e-06,0.0,1.6689300537109375e-06,,,0.0,0.0,5.3093715630813465,276
train,0,fold0_train_sequence5,11,"6,15",1.910332441329956,20,"6,15",1.910332441329956,20,,,,"0,15",1.910332441329956,0.0,0.0,0.0,,,0.0,0.0,5.401767568804412,276
train,0,fold0_train_sequence5,12,"14,18",3.69701886177063,23,"14,18",3.69701886177063,23,,,,"0,14",3.6970183849334717,4.76837158203125e-07,0.0,4.76837158203125e-07,,,0.0,0.0,5.423150088178664,276
train,0,fold0_train_sequence5,13,"5,8",2.956051826477051,23,"5,8",2.956051826477051,23,,,,"0,5",2.9560513496398926,4.76837158203125e-07,0.0,4.76837158203125e-07,,,0.0,0.0,5.4623703204529,276
train,0,fold0_train_sequence5,14,"6,18",2.296408176422119,23,"6,18",2.296408176422119,23,,,,"0,18",2.2964072227478027,9.5367431640625e-07,0.0,9.5367431640625e-07,,,0.0,0.0,5.43865042356377,276
train,0,fold0_train_sequence5,15,"4,9",2.066192150115967,5,"4,9",2.066192150115967,5,,,,"0,9",2.066192150115967,0.0,0.0,0.0,,,0.0,0.0,5.1373085240616705,276
train,0,fold0_train_sequence5,16,"0,16",3.5183310508728027,8,"0,16",3.5183310508728027,8,,,,"0,1",3.5183310508728027,0.0,0.0,0.0,,,0.0,0.0,5.5752410384410345,276
train,0,fold0_train_sequence5,17,"0,3",1.5770426988601685,23,"0,3",1.5770426988601685,23,,,,"0,1",1.5770422220230103,4.76837158203125e-07,0.0,4.76837158203125e-07,,,0.0,0.0,5.113053281417329,276
train,0,fold0_train_sequence5,18,"10,13",2.6308131217956543,23,"10,13",2.6308131217956543,23,,,,"0,10",2.6306891441345215,0.0001239776611328125,0.0,0.0001239776611328125,,,0.0,0.0,5.357422453440955,276
train,0,fold0_train_sequence5,19,"7,8",3.5305120944976807,1,"7,8",3.5305120944976807,1,,,,"7,8",3.5305120944976807,0.0,0.0,0.0,,,1.2159347534179688e-05,1.2159347534179688e-05,5.597051043404721,276
train,0,fold0_train_sequence5,20,"0,5",3.2777440547943115,23,"0,5",3.2777440547943115,23,,,,"1,5",3.277743339538574,7.152557373046875e-07,0.0,7.152557373046875e-07,,,0.0,0.0,5.46176068199155,276
train,0,fold0_train_sequence5,21,"12,16",2.731020450592041,23,"12,16",2.731020450592041,23,,,,"0,16",2.7310099601745605,1.049041748046875e-05,0.0,1.049041748046875e-05,,,0.0,0.0,5.480267044831441,276
train,0,fold0_train_sequence5,22,"5,7",2.7978885173797607,23,"5,7",2.7978885173797607,23,,,,"0,5",2.797886848449707,1.6689300537109375e-06,0.0,1.6689300537109375e-06,,,0.0,0.0,5.471804780964624,276
train,0,fold0_train_sequence5,23,"4,12",2.5143918991088867,23,"4,12",2.5143918991088867,23,,,,"0,4",2.5143914222717285,4.76837158203125e-07,0.0,4.76837158203125e-07,,,0.0,0.0,5.348039805157422,276
train,0,fold0_train_sequence5,24,"6,14",3.9606924057006836,23,"6,14",3.9606924057006836,23,,,,"0,14",3.9606921672821045,2.384185791015625e-07,0.0,2.384185791015625e-07,,,0.0,0.0,5.475964110366969,276
train,0,fold0_train_sequence5,25,"11,17",3.416529655456543,1,"11,17",3.416529655456543,1,,,,"11,17",3.416529655456543,0.0,0.0,0.0,,,2.384185791015625e-07,2.384185791015625e-07,5.533374285316805,276
train,0,fold0_train_sequence5,26,"16,21",3.6028761863708496,23,"16,21",3.6028761863708496,23,,,,"0,21",3.6028754711151123,7.152557373046875e-07,0.0,7.152557373046875e-07,,,0.0,0.0,5.326335393653872,276
train,0,fold0_train_sequence5,27,"0,18",3.780395984649658,23,"0,18",3.780395984649658,23,,,,"1,18",3.7803943157196045,1.6689300537109375e-06,0.0,1.6689300537109375e-06,,,0.0,0.0,5.47855639994594,276
train,0,fold0_train_sequence5,28,"0,3",2.722273111343384,23,"0,3",2.722273111343384,23,,,,"0,1",2.7222723960876465,7.152557373046875e-07,0.0,7.152557373046875e-07,,,0.0,0.0,5.02729653084919,276
train,0,fold0_train_sequence5,29,"13,22",3.1930508613586426,23,"13,22",3.1930508613586426,23,,,,"0,22",3.1929404735565186,0.00011038780212402344,0.0,0.00011038780212402344,,,0.0,0.0,5.493286006792866,276
train,0,fold0_train_sequence5,30,"7,19",2.503298044204712,23,"7,19",2.503298044204712,23,,,,"0,19",2.503278970718384,1.9073486328125e-05,0.0,1.9073486328125e-05,,,0.0,0.0,5.419402570979312,276
train,0,fold0_train_sequence5,31,"13,16",2.7962684631347656,23,"13,16",2.7962684631347656,23,,,,"0,16",2.796267509460449,9.5367431640625e-07,0.0,9.5367431640625e-07,,,0.0,0.0,5.458637248739101,276
train,0,fold0_train_sequence5,32,"18,22",2.8405966758728027,23,"18,22",2.8405966758728027,23,,,,"0,22",2.840595245361328,1.430511474609375e-06,0.0,1.430511474609375e-06,,,0.0,0.0,5.4482910730093135,276
train,0,fold0_train_sequence5,33,"7,10",3.946009635925293,23,"7,10",3.946009635925293,23,,,,"0,10",3.9460067749023438,2.86102294921875e-06,0.0,2.86102294921875e-06,,,0.0,0.0,5.509135663910202,276
train,0,fold0_train_sequence5,34,"3,9",3.346890449523926,23,"3,10",3.346890449523926,4,,,,"0,3",3.346890449523926,0.0,0.0,0.0,,,0.0,0.0,5.530895758234562,276
train,0,fold0_train_sequence5,35,"10,13",2.026881694793701,23,"3,10",2.026860237121582,22,,,,"0,10",2.026858329772949,2.3365020751953125e-05,-2.1457672119140625e-05,1.9073486328125e-06,,,0.0,0.0,5.369624427058365,276
train,0,fold0_train_sequence5,36,"3,11",3.5925400257110596,23,"3,11",3.5925400257110596,23,,,,"0,11",3.592536687850952,3.337860107421875e-06,0.0,3.337860107421875e-06,,,0.0,0.0,5.478252892825776,276
train,0,fold0_train_sequence5,37,"5,7",3.3417491912841797,23,"5,7",3.3417491912841797,23,,,,"0,7",3.341747283935547,1.9073486328125e-06,0.0,1.9073486328125e-06,,,0.0,0.0,5.450265296466725,276
train,0,fold0_train_sequence5,38,"0,19",2.468764543533325,11,"0,19",2.468764543533325,11,,,,"0,1",2.468764543533325,0.0,0.0,0.0,,,0.0,0.0,5.030810177902971,276
train,0,fold0_train_sequence5,39,"10,13",3.243906259536743,23,"13,16",3.8357717990875244,24,,,,"1,10",3.2406814098358154,0.0032248497009277344,0.5918655395507812,0.595090389251709,,,0.0,0.0,5.561876534071821,276
train,0,fold0_train_sequence5,40,"8,18",1.5969399213790894,17,"8,18",1.5969399213790894,17,,,,"0,8",1.5969399213790894,0.0,0.0,0.0,,,0.0,0.0,5.121527837142564,276
train,0,fold0_train_sequence5,41,"6,11",2.3911194801330566,23,"6,11",2.3911194801330566,23,,,,"0,11",2.3911192417144775,2.384185791015625e-07,0.0,2.384185791015625e-07,,,0.0,0.0,5.424704999360967,276
train,0,fold0_train_sequence5,42,"3,7",3.585442066192627,23,"3,7",3.585442066192627,23,,,,"0,7",3.585435628890991,6.4373016357421875e-06,0.0,6.4373016357421875e-06,,,0.0,0.0,5.536295648649561,276
train,0,fold0_train_sequence5,43,"4,7",2.9694197177886963,23,"4,7",2.9694197177886963,23,,,,"0,7",2.969414234161377,5.4836273193359375e-06,0.0,5.4836273193359375e-06,,,0.0,0.0,5.575499054316273,276
train,0,fold0_train_sequence5,44,"3,22",1.9095730781555176,1,"3,22",1.9095730781555176,1,,,,"3,22",1.9095730781555176,0.0,0.0,0.0,,,1.1920928955078125e-07,1.1920928955078125e-07,5.547972101446356,276
train,0,fold0_train_sequence5,45,"9,12",1.7405422925949097,23,"9,12",1.7405422925949097,23,,,,"0,12",1.7405420541763306,2.384185791015625e-07,0.0,2.384185791015625e-07,,,0.0,0.0,5.2574882702539165,276
train,0,fold0_train_sequence5,46,"16,18",2.9813947677612305,23,"16,18",2.9813947677612305,23,,,,"0,16",2.9813828468322754,1.1920928955078125e-05,0.0,1.1920928955078125e-05,,,0.0,0.0,5.42005932810352,276
train,0,fold0_train_sequence5,47,"3,9",2.1836066246032715,23,"3,9",2.1836066246032715,23,,,,"0,3",2.1836066246032715,0.0,0.0,0.0,,,0.0,0.0,5.261968389683261,276
train,0,fold0_train_sequence5,48,"6,19",1.8438026905059814,20,"6,19",1.8438026905059814,20,,,,"0,19",1.8438026905059814,0.0,0.0,0.0,,,0.0,0.0,5.312525347833839,276
train,0,fold0_train_sequence5,49,"3,7",2.5428614616394043,23,"3,7",2.5428614616394043,23,,,,"0,7",2.542860746383667,7.152557373046875e-07,0.0,7.152557373046875e-07,,,0.0,0.0,5.307640476341584,276
train,0,fold0_train_sequence5,50,"0,20",2.0078985691070557,23,"0,20",2.0078985691070557,23,,,,"0,1",2.0078980922698975,4.76837158203125e-07,0.0,4.76837158203125e-07,,,0.0,0.0,5.075330050536329,276
train,0,fold0_train_sequence5,51,"6,13",3.5461862087249756,20,"6,13",3.5461862087249756,20,,,,"0,13",3.5461862087249756,0.0,0.0,0.0,,,0.0,0.0,5.56112542841752,276
train,0,fold0_train_sequence5,52,"8,13",2.7385506629943848,12,"8,13",2.7385506629943848,12,,,,"0,8",2.7385506629943848,0.0,0.0,0.0,,,0.0,0.0,5.039268344640731,276
train,0,fold0_train_sequence5,53,"7,22",2.6595046520233154,23,"7,22",2.6595046520233154,23,,,,"0,22",2.659503221511841,1.430511474609375e-06,0.0,1.430511474609375e-06,,,0.0,0.0,5.504644205237146,276
train,0,fold0_train_sequence5,54,"4,18",1.99998140335083,13,"4,18",1.99998140335083,13,,,,"0,4",1.99998140335083,0.0,0.0,0.0,,,0.0,0.0,5.507580223966964,276
train,0,fold0_train_sequence5,55,"0,22",3.8221285343170166,1,"0,22",3.8221285343170166,1,,,,"0,22",3.8221285343170166,0.0,0.0,0.0,,,0.0,0.0,5.550630840060631,276
train,0,fold0_train_sequence5,56,"0,13",3.57914400100708,23,"0,13",3.57914400100708,23,,,,"0,1",3.5791361331939697,7.867813110351562e-06,0.0,7.867813110351562e-06,,,0.0,0.0,5.577365719877413,276
train,0,fold0_train_sequence5,57,"8,18",2.684110641479492,23,"8,18",2.684110641479492,23,,,,"0,8",2.684110164642334,4.76837158203125e-07,0.0,4.76837158203125e-07,,,0.0,0.0,5.564418603825535,276
train,0,fold0_train_sequence5,58,"6,15",1.7700539827346802,20,"6,15",1.7700539827346802,20,,,,"0,15",1.7700539827346802,0.0,0.0,0.0,,,0.0,0.0,5.4261741229944676,276
train,0,fold0_train_sequence5,59,"0,13",2.5596649646759033,23,"0,13",2.5596649646759033,23,,,,"1,13",2.559664011001587,9.5367431640625e-07,0.0,9.5367431640625e-07,,,0.0,0.0,5.276789852062378,276
train,0,fold0_train_sequence5,60,"4,18",3.0475447177886963,23,"4,18",3.0475447177886963,23,,,,"0,4",3.0475432872772217,1.430511474609375e-06,0.0,1.430511474609375e-06,,,0.0,0.0,5.418442161271886,276
train,0,fold0_train_sequence5,61,"6,21",3.352919101715088,23,"6,21",3.352919101715088,23,,,,"0,6",3.352903366088867,1.5735626220703125e-05,0.0,1.5735626220703125e-05,,,0.0,0.0,5.142808627416232,276
train,0,fold0_train_sequence5,62,"0,9",1.1384690999984741,23,"0,9",1.1384690999984741,23,,,,"0,1",1.1384685039520264,5.960464477539062e-07,0.0,5.960464477539062e-07,,,0.0,0.0,5.185210520870306,276
train,0,fold0_train_sequence6,0,"5,12",3.2885491847991943,23,"5,12",3.2885491847991943,23,,,,"0,5",3.288538932800293,1.0251998901367188e-05,0.0,1.0251998901367188e-05,,,0.0,0.0,5.471980165827096,276
train,0,fold0_train_sequence6,1,"12,16",2.7099709510803223,23,"12,16",2.7099709510803223,23,,,,"0,16",2.7099618911743164,9.059906005859375e-06,0.0,9.059906005859375e-06,,,0.0,0.0,5.4810574651152635,276
train,0,fold0_train_sequence6,2,"5,7",2.8046975135803223,23,"5,7",2.8046975135803223,23,,,,"0,5",2.8046932220458984,4.291534423828125e-06,0.0,4.291534423828125e-06,,,0.0,0.0,5.47263577484739,276
train,0,fold0_train_sequence6,3,"4,12",2.536048173904419,23,"4,12",2.536048173904419,23,,,,"0,4",2.5360476970672607,4.76837158203125e-07,0.0,4.76837158203125e-07,,,0.0,0.0,5.347231903424944,276
train,0,fold0_train_sequence6,4,"6,14",3.952575206756592,20,"6,14",3.952575206756592,20,,,,"0,14",3.952575206756592,0.0,0.0,0.0,,,0.0,0.0,5.476125983671631,276
train,0,fold0_train_sequence6,5,"11,17",3.4229462146759033,1,"11,17",3.4229462146759033,1,,,,"11,17",3.4229462146759033,0.0,0.0,0.0,,,2.384185791015625e-07,2.384185791015625e-07,5.532963732454197,276
train,0,fold0_train_sequence6,6,"16,21",3.630657196044922,23,"16,21",3.630657196044922,23,,,,"0,21",3.6306562423706055,9.5367431640625e-07,0.0,9.5367431640625e-07,,,0.0,0.0,5.325094339876135,276
train,0,fold0_train_sequence6,7,"0,18",3.7704832553863525,23,"0,18",3.7704832553863525,23,,,,"1,18",3.7704813480377197,1.9073486328125e-06,0.0,1.9073486328125e-06,,,0.0,0.0,5.480230937330553,276
train,0,fold0_train_sequence6,8,"0,3",2.6938674449920654,23,"0,3",2.6938674449920654,23,,,,"0,1",2.693866491317749,9.5367431640625e-07,0.0,9.5367431640625e-07,,,0.0,0.0,5.029240475604675,276
train,0,fold0_train_sequence6,9,"13,22",3.19114351272583,23,"13,22",3.19114351272583,23,,,,"0,22",3.191103458404541,4.00543212890625e-05,0.0,4.00543212890625e-05,,,0.0,0.0,5.493869356621645,276
train,0,fold0_train_sequence6,10,"7,19",2.500504493713379,23,"7,19",2.500504493713379,23,,,,"0,19",2.500494956970215,9.5367431640625e-06,0.0,9.5367431640625e-06,,,0.0,0.0,5.419913128576597,276
train,0,fold0_train_sequence6,11,"16,22",2.79136061668396,23,"16,22",2.79136061668396,23,,,,"0,16",2.7913599014282227,7.152557373046875e-07,0.0,7.152557373046875e-07,,,0.0,0.0,5.457984868470449,276
train,0,fold0_train_sequence6,12,"18,22",2.827991485595703,23,"18,22",2.827991485595703,23,,,,"0,22",2.8279905319213867,9.5367431640625e-07,0.0,9.5367431640625e-07,,,0.0,0.0,5.44931751125397,276
train,0,fold0_train_sequence6,13,"7,10",3.947004795074463,23,"7,10",3.947004795074463,23,,,,"0,10",3.9470033645629883,1.430511474609375e-06,0.0,1.430511474609375e-06,,,0.0,0.0,5.509312731432524,276
train,0,fold0_train_sequence6,14,"3,9",3.3415799140930176,23,"3,9",3.3415799140930176,23,,,,"0,3",3.3415796756744385,2.384185791015625e-07,0.0,2.384185791015625e-07,,,0.0,0.0,5.532403323667921,276
train,0,fold0_train_sequence6,15,"10,13",2.035316228866577,23,"10,13",2.035316228866577,23,,,,"0,10",2.0353026390075684,1.3589859008789062e-05,0.0,1.3589859008789062e-05,,,0.0,0.0,5.371429324374325,276
train,0,fold0_train_sequence6,16,"3,11",3.59873628616333,23,"3,11",3.59873628616333,23,,,,"0,11",3.5987324714660645,3.814697265625e-06,0.0,3.814697265625e-06,,,0.0,0.0,5.477657227954909,276
train,0,fold0_train_sequence6,17,"5,7",3.3433756828308105,23,"5,7",3.3433756828308105,23,,,,"0,7",3.343369960784912,5.7220458984375e-06,0.0,5.7220458984375e-06,,,0.0,0.0,5.448985714956388,276
train,0,fold0_train_sequence6,18,"0,19",2.469231605529785,11,"0,19",2.469231605529785,11,,,,"0,1",2.469231605529785,0.0,0.0,0.0,,,0.0,0.0,5.031975620143637,276
train,0,fold0_train_sequence6,19,"10,13",3.23416805267334,23,"13,16",3.824655055999756,24,,,,"1,10",3.231553792953491,0.002614259719848633,0.590487003326416,0.5931012630462646,,,0.0,2.384185791015625e-07,5.561992274921837,276
train,0,fold0_train_sequence6,20,"8,18",1.585608720779419,23,"8,18",1.585608720779419,23,,,,"0,8",1.585607647895813,1.0728836059570312e-06,0.0,1.0728836059570312e-06,,,0.0,0.0,5.123285486462977,276
train,0,fold0_train_sequence6,21,"6,11",2.3923845291137695,23,"6,11",2.3923845291137695,23,,,,"0,11",2.3923840522766113,4.76837158203125e-07,0.0,4.76837158203125e-07,,,0.0,0.0,5.426269070814652,276
train,0,fold0_train_sequence6,22,"3,7",3.5887441635131836,23,"3,7",3.5887441635131836,23,,,,"0,7",3.5887374877929688,6.67572021484375e-06,0.0,6.67572021484375e-06,,,0.0,0.0,5.536507022451446,276
train,0,fold0_train_sequence6,23,"4,7",2.969151496887207,23,"4,7",2.969151496887207,23,,,,"0,7",2.9691381454467773,1.33514404296875e-05,0.0,1.33514404296875e-05,,,0.0,0.0,5.575340818645453,276
train,0,fold0_train_sequence6,24,"3,22",1.9072651863098145,1,"3,22",1.9072651863098145,1,,,,"3,22",1.9072651863098145,0.0,0.0,0.0,,,2.384185791015625e-07,2.384185791015625e-07,5.5482470309897645,276
train,0,fold0_train_sequence6,25,"9,12",1.7536754608154297,23,"9,12",1.7536754608154297,23,,,,"0,12",1.7536754608154297,0.0,0.0,0.0,,,0.0,0.0,5.255170473050912,276
train,0,fold0_train_sequence6,26,"16,18",3.003176212310791,23,"16,18",3.003176212310791,23,,,,"0,16",3.0031657218933105,1.049041748046875e-05,0.0,1.049041748046875e-05,,,0.0,0.0,5.419176284130482,276
train,0,fold0_train_sequence6,27,"3,9",2.187502861022949,23,"3,9",2.187502861022949,23,,,,"0,3",2.187502861022949,0.0,0.0,0.0,,,0.0,0.0,5.260706524178559,276
train,0,fold0_train_sequence6,28,"6,19",1.8479032516479492,20,"6,19",1.8479032516479492,20,,,,"0,19",1.8479032516479492,0.0,0.0,0.0,,,0.0,0.0,5.313179746583943,276
train,0,fold0_train_sequence6,29,"3,7",2.5491385459899902,23,"3,7",2.5491385459899902,23,,,,"0,7",2.5491373538970947,1.1920928955078125e-06,0.0,1.1920928955078125e-06,,,0.0,0.0,5.3069960232052,276
train,0,fold0_train_sequence6,30,"0,20",1.987422227859497,23,"0,20",1.987422227859497,23,,,,"0,1",1.9874221086502075,1.1920928955078125e-07,0.0,1.1920928955078125e-07,,,0.0,0.0,5.076345191410312,276
train,0,fold0_train_sequence6,31,"6,13",3.5367608070373535,20,"6,13",3.5367608070373535,20,,,,"0,13",3.5367608070373535,0.0,0.0,0.0,,,0.0,0.0,5.561093846450531,276
train,0,fold0_train_sequence6,32,"8,13",2.718717098236084,12,"8,13",2.718717098236084,12,,,,"0,8",2.718717098236084,0.0,0.0,0.0,,,0.0,0.0,5.040827377931399,276
train,0,fold0_train_sequence6,33,"7,22",2.653897285461426,23,"10,22",2.6538965702056885,22,,,,"0,22",2.6538963317871094,9.5367431640625e-07,-7.152557373046875e-07,2.384185791015625e-07,,,0.0,0.0,5.505375526198352,276
train,0,fold0_train_sequence6,34,"4,18",2.0254812240600586,23,"4,18",2.0254812240600586,23,,,,"0,4",2.0254809856414795,2.384185791015625e-07,0.0,2.384185791015625e-07,,,0.0,0.0,5.5070986289068635,276
train,0,fold0_train_sequence6,35,"0,22",3.8296308517456055,1,"0,22",3.8296308517456055,1,,,,"0,22",3.8296308517456055,0.0,0.0,0.0,,,0.0,0.0,5.551052575666507,276
train,0,fold0_train_sequence6,36,"0,13",3.5836572647094727,23,"0,13",3.5836572647094727,23,,,,"0,1",3.5836377143859863,1.9550323486328125e-05,0.0,1.9550323486328125e-05,,,0.0,0.0,5.577080945245444,276
train,0,fold0_train_sequence6,37,"8,18",2.6898624897003174,17,"8,18",2.6898624897003174,17,,,,"0,8",2.6898624897003174,0.0,0.0,0.0,,,0.0,0.0,5.564670423176436,276
train,0,fold0_train_sequence6,38,"6,15",1.761061668395996,20,"6,15",1.761061668395996,20,,,,"0,15",1.761061668395996,0.0,0.0,0.0,,,0.0,0.0,5.427190267429298,276
train,0,fold0_train_sequence6,39,"0,13",2.557935953140259,23,"0,13",2.557935953140259,23,,,,"1,13",2.5579357147216797,2.384185791015625e-07,0.0,2.384185791015625e-07,,,0.0,0.0,5.277177704627624,276
train,0,fold0_train_sequence6,40,"4,18",3.062525749206543,23,"4,18",3.062525749206543,23,,,,"0,4",3.0625245571136475,1.1920928955078125e-06,0.0,1.1920928955078125e-06,,,0.0,0.0,5.41736412028906,276
train,0,fold0_train_sequence6,41,"6,21",3.3752217292785645,23,"6,21",3.3752217292785645,23,,,,"0,6",3.375215530395508,6.198883056640625e-06,0.0,6.198883056640625e-06,,,0.0,0.0,5.147000479322595,276
train,0,fold0_train_sequence6,42,"0,9",1.1333982944488525,23,"0,9",1.1333982944488525,23,,,,"0,1",1.133398175239563,1.1920928955078125e-07,0.0,1.1920928955078125e-07,,,0.0,0.0,5.184403339971012,276
train,0,fold0_train_sequence6,43,"12,22",4.85465145111084,5,"12,22",4.85465145111084,5,,,,"0,22",4.85465145111084,0.0,0.0,0.0,,,0.0,0.0,5.44157725879654,276
train,0,fold0_train_sequence6,44,"4,6",3.2329888343811035,23,"4,6",3.2329888343811035,23,,,,"0,4",3.2329885959625244,2.384185791015625e-07,0.0,2.384185791015625e-07,,,0.0,0.0,5.516040075742331,276
train,0,fold0_train_sequence6,45,"0,18",3.058198928833008,23,"0,18",3.058198928833008,23,,,,"1,18",3.0581984519958496,4.76837158203125e-07,0.0,4.76837158203125e-07,,,0.0,0.0,5.51795621752002,276
train,0,fold0_train_sequence6,46,"7,11",3.773423671722412,23,"7,11",3.773423671722412,23,,,,"0,11",3.773406744003296,1.6927719116210938e-05,0.0,1.6927719116210938e-05,,,0.0,0.0,5.47548203757536,276
train,0,fold0_train_sequence6,47,"16,21",2.498042106628418,9,"16,21",2.498042106628418,9,,,,"0,21",2.498042106628418,0.0,0.0,0.0,,,0.0,0.0,5.367932593659193,276
train,0,fold0_train_sequence6,48,"7,16",2.2248265743255615,23,"7,16",2.2248265743255615,23,,,,"0,7",2.2248215675354004,5.0067901611328125e-06,0.0,5.0067901611328125e-06,,,0.0,0.0,5.3696938040847355,276
train,0,fold0_train_sequence6,49,"10,21",3.6023802757263184,23,"10,21",3.6023802757263184,23,,,,"0,10",3.6023786067962646,1.6689300537109375e-06,0.0,1.6689300537109375e-06,,,0.0,0.0,5.585563527281031,276
train,0,fold0_train_sequence6,50,"0,18",2.2649662494659424,23,"0,18",2.2649662494659424,23,,,,"1,18",2.264965295791626,9.5367431640625e-07,0.0,9.5367431640625e-07,,,0.0,0.0,5.512924365490085,276
train,0,fold0_train_sequence6,51,"8,12",1.5722603797912598,23,"8,12",1.5722603797912598,23,,,,"0,8",1.5722601413726807,2.384185791015625e-07,0.0,2.384185791015625e-07,,,0.0,0.0,5.121329852299728,276
train,0,fold0_train_sequence6,52,"0,6",2.3191354274749756,20,"0,6",2.3191354274749756,20,,,,"0,1",2.3191354274749756,0.0,0.0,0.0,,,0.0,0.0,5.014341910494578,276
train,0,fold0_train_sequence6,53,"3,10",2.6432347297668457,23,"3,10",2.6432347297668457,23,,,,"0,10",2.643224000930786,1.0728836059570312e-05,0.0,1.0728836059570312e-05,,,0.0,0.0,5.354050044425544,276
train,0,fold0_train_sequence6,54,"7,8",3.621276378631592,23,"7,8",3.621276378631592,23,,,,"0,8",3.6212356090545654,4.076957702636719e-05,0.0,4.076957702636719e-05,,,0.0,0.0,5.540242584884967,276
train,0,fold0_train_sequence6,55,"5,14",2.892073154449463,23,"5,14",2.892073154449463,23,,,,"0,14",2.892070770263672,2.384185791015625e-06,0.0,2.384185791015625e-06,,,0.0,0.0,5.457933327089668,276
train,0,fold0_train_sequence6,56,"6,17",2.644200086593628,20,"6,17",2.644200086593628,20,,,,"0,17",2.644200086593628,0.0,0.0,0.0,,,0.0,0.0,4.961533958704151,276
train,0,fold0_train_sequence6,57,"4,13",2.1245574951171875,23,"4,13",2.1245574951171875,23,,,,"0,13",2.124555826187134,1.6689300537109375e-06,0.0,1.6689300537109375e-06,,,0.0,0.0,5.309672930594326,276
train,0,fold0_train_sequence6,58,"6,15",1.91940176486969,20,"6,15",1.91940176486969,20,,,,"0,15",1.91940176486969,0.0,0.0,0.0,,,0.0,0.0,5.401058038928044,276
train,0,fold0_train_sequence6,59,"14,18",3.6749660968780518,23,"14,18",3.6749660968780518,23,,,,"0,14",3.6749653816223145,7.152557373046875e-07,0.0,7.152557373046875e-07,,,0.0,0.0,5.424344429641623,276
train,0,fold0_train_sequence6,60,"5,8",2.93355655670166,23,"5,8",2.93355655670166,23,,,,"0,5",2.933556079864502,4.76837158203125e-07,0.0,4.76837158203125e-07,,,0.0,0.0,5.462231072880914,276
train,0,fold0_train_sequence6,61,"6,18",2.2844619750976562,23,"6,18",2.2844619750976562,23,,,,"0,18",2.2844607830047607,1.1920928955078125e-06,0.0,1.1920928955078125e-06,,,0.0,0.0,5.4383054747036015,276
train,0,fold0_train_sequence6,62,"4,9",2.071413278579712,5,"4,9",2.071413278579712,5,,,,"0,9",2.071413278579712,0.0,0.0,0.0,,,0.0,0.0,5.137236965548025,276
