global_fraction,oracle_exact_agreement,position_only_fraction,positions,resample,seed,student_exact_agreement,target_only_fraction,target_position_fraction,teacher_exact_agreement
0.0,0.03968253968253968,0.0,252,0,1,0.0992063492063492,0.9444444444444444,0.05555555555555555,0.09523809523809523
0.0,0.03571428571428571,0.0,252,1,1,0.09523809523809523,0.9444444444444444,0.05555555555555555,0.10714285714285714
0.0,0.031746031746031744,0.0,252,2,1,0.08333333333333333,0.9444444444444444,0.05555555555555555,0.07936507936507936
0.0,0.03968253968253968,0.0,252,3,1,0.09126984126984126,0.9444444444444444,0.05555555555555555,0.09523809523809523
0.0,0.047619047619047616,0.0,252,4,1,0.1111111111111111,0.9444444444444444,0.05555555555555555,0.10714285714285714
0.0,0.03571428571428571,0.0,252,5,1,0.0992063492063492,0.9444444444444444,0.05555555555555555,0.09523809523809523
0.0,0.03571428571428571,0.0,252,6,1,0.12698412698412698,0.9444444444444444,0.05555555555555555,0.12698412698412698
0.0,0.03968253968253968,0.0,252,7,1,0.1111111111111111,0.9444444444444444,0.05555555555555555,0.11904761904761904
0.0,0.05952380952380952,0.0,252,8,1,0.10714285714285714,0.9444444444444444,0.05555555555555555,0.1111111111111111
0.0,0.03968253968253968,0.0,252,9,1,0.09126984126984126,0.9444444444444444,0.05555555555555555,0.09126984126984126
0.0,0.047619047619047616,0.0,252,10,1,0.07936507936507936,0.9444444444444444,0.05555555555555555,0.08333333333333333
0.0,0.03968253968253968,0.0,252,11,1,0.11507936507936507,0.9444444444444444,0.05555555555555555,0.1111111111111111
0.0,0.047619047619047616,0.0,252,12,1,0.09523809523809523,0.9444444444444444,0.05555555555555555,0.09523809523809523
0.0,0.03968253968253968,0.0,252,13,1,0.0992063492063492,0.9444444444444444,0.05555555555555555,0.09126984126984126
0.0,0.03968253968253968,0.0,252,14,1,0.09523809523809523,0.9444444444444444,0.05555555555555555,0.09523809523809523
0.0,0.051587301587301584,0.0,252,15,1,0.11904761904761904,0.9444444444444444,0.05555555555555555,0.11904761904761904
0.0,0.03968253968253968,0.0,252,16,1,0.08333333333333333,0.9444444444444444,0.05555555555555555,0.08333333333333333
0.0,0.04365079365079365,0.0,252,17,1,0.07936507936507936,0.9444444444444444,0.05555555555555555,0.07539682539682539
0.0,0.03968253968253968,0.0,252,18,1,0.11904761904761904,0.9444444444444444,0.05555555555555555,0.11507936507936507
0.0,0.051587301587301584,0.0,252,19,1,0.0992063492063492,0.9444444444444444,0.05555555555555555,0.10317460317460317
0.0,0.05555555555555555,0.0,252,20,1,0.09523809523809523,0.9444444444444444,0.05555555555555555,0.09523809523809523
0.0,0.03571428571428571,0.0,252,21,1,0.10714285714285714,0.9444444444444444,0.05555555555555555,0.10317460317460317
0.0,0.051587301587301584,0.0,252,22,1,0.10317460317460317,0.9444444444444444,0.05555555555555555,0.10317460317460317
0.0,0.03571428571428571,0.0,252,23,1,0.0992063492063492,0.9444444444444444,0.05555555555555555,0.10317460317460317
0.0,0.031746031746031744,0.0,252,24,1,0.10317460317460317,0.9444444444444444,0.05555555555555555,0.10317460317460317
0.0,0.03571428571428571,0.0,252,25,1,0.10714285714285714,0.9444444444444444,0.05555555555555555,0.0992063492063492
0.0,0.03571428571428571,0.0,252,26,1,0.10317460317460317,0.9444444444444444,0.05555555555555555,0.10714285714285714
0.0,0.047619047619047616,0.0,252,27,1,0.0873015873015873,0.9444444444444444,0.05555555555555555,0.0873015873015873
0.0,0.031746031746031744,0.0,252,28,1,0.0992063492063492,0.9444444444444444,0.05555555555555555,0.10317460317460317
0.0,0.031746031746031744,0.0,252,29,1,0.0992063492063492,0.9444444444444444,0.05555555555555555,0.09523809523809523
0.0,0.03571428571428571,0.0,252,30,1,0.0873015873015873,0.9444444444444444,0.05555555555555555,0.0873015873015873
0.0,0.04365079365079365,0.0,252,31,1,0.10317460317460317,0.9444444444444444,0.05555555555555555,0.10317460317460317
0.0,0.031746031746031744,0.0,252,32,1,0.09126984126984126,0.9444444444444444,0.05555555555555555,0.0992063492063492
0.0,0.05555555555555555,0.0,252,33,1,0.10317460317460317,0.9444444444444444,0.05555555555555555,0.10714285714285714
0.0,0.04365079365079365,0.0,252,34,1,0.09126984126984126,0.9444444444444444,0.05555555555555555,0.0992063492063492
0.0,0.04365079365079365,0.0,252,35,1,0.0873015873015873,0.9444444444444444,0.05555555555555555,0.0992063492063492
0.0,0.05952380952380952,0.0,252,36,1,0.07936507936507936,0.9444444444444444,0.05555555555555555,0.0873015873015873
0.0,0.027777777777777776,0.0,252,37,1,0.09523809523809523,0.9444444444444444,0.05555555555555555,0.0992063492063492
0.0,0.05555555555555555,0.0,252,38,1,0.10317460317460317,0.9444444444444444,0.05555555555555555,0.1111111111111111
0.0,0.03968253968253968,0.0,252,39,1,0.09523809523809523,0.9444444444444444,0.05555555555555555,0.09126984126984126
0.0,0.03571428571428571,0.0,252,40,1,0.09523809523809523,0.9444444444444444,0.05555555555555555,0.0873015873015873
0.0,0.05555555555555555,0.0,252,41,1,0.1111111111111111,0.9444444444444444,0.05555555555555555,0.1111111111111111
0.0,0.031746031746031744,0.0,252,42,1,0.08333333333333333,0.9444444444444444,0.05555555555555555,0.09126984126984126
0.0,0.05555555555555555,0.0,252,43,1,0.11507936507936507,0.9444444444444444,0.05555555555555555,0.1111111111111111
0.0,0.03968253968253968,0.0,252,44,1,0.09126984126984126,0.9444444444444444,0.05555555555555555,0.10714285714285714
0.0,0.04365079365079365,0.0,252,45,1,0.1111111111111111,0.9444444444444444,0.05555555555555555,0.12301587301587301
0.0,0.031746031746031744,0.0,252,46,1,0.10714285714285714,0.9444444444444444,0.05555555555555555,0.10714285714285714
0.0,0.03571428571428571,0.0,252,47,1,0.0992063492063492,0.9444444444444444,0.05555555555555555,0.0992063492063492
0.0,0.04365079365079365,0.0,252,48,1,0.0873015873015873,0.9444444444444444,0.05555555555555555,0.09126984126984126
0.0,0.027777777777777776,0.0,252,49,1,0.0992063492063492,0.9444444444444444,0.05555555555555555,0.10317460317460317
0.0,0.03571428571428571,0.0,252,50,1,0.0992063492063492,0.9444444444444444,0.05555555555555555,0.10317460317460317
0.0,0.031746031746031744,0.0,252,51,1,0.10317460317460317,0.9444444444444444,0.05555555555555555,0.10714285714285714
0.0,0.031746031746031744,0.0,252,52,1,0.09523809523809523,0.9444444444444444,0.05555555555555555,0.09523809523809523
0.0,0.05555555555555555,0.0,252,53,1,0.09523809523809523,0.9444444444444444,0.05555555555555555,0.0992063492063492
0.0,0.05555555555555555,0.0,252,54,1,0.0992063492063492,0.9444444444444444,0.05555555555555555,0.10317460317460317
0.0,0.027777777777777776,0.0,252,55,1,0.10714285714285714,0.9444444444444444,0.05555555555555555,0.10317460317460317
0.0,0.05555555555555555,0.0,252,56,1,0.0873015873015873,0.9444444444444444,0.05555555555555555,0.09523809523809523
0.0,0.04365079365079365,0.0,252,57,1,0.10317460317460317,0.9444444444444444,0.05555555555555555,0.10714285714285714
0.0,0.047619047619047616,0.0,252,58,1,0.0992063492063492,0.9444444444444444,0.05555555555555555,0.0992063492063492
0.0,0.05555555555555555,0.0,252,59,1,0.10317460317460317,0.9444444444444444,0.05555555555555555,0.10714285714285714
0.0,0.05952380952380952,0.0,252,60,1,0.10317460317460317,0.9444444444444444,0.05555555555555555,0.0992063492063492
0.0,0.05555555555555555,0.0,252,61,1,0.0992063492063492,0.9444444444444444,0.05555555555555555,0.10317460317460317
0.0,0.031746031746031744,0.0,252,62,1,0.11507936507936507,0.9444444444444444,0.05555555555555555,0.1111111111111111
0.0,0.051587301587301584,0.0,252,63,1,0.09126984126984126,0.9444444444444444,0.05555555555555555,0.09523809523809523
0.0,0.03571428571428571,0.0,252,64,1,0.11507936507936507,0.9444444444444444,0.05555555555555555,0.10714285714285714
0.0,0.04365079365079365,0.0,252,65,1,0.09523809523809523,0.9444444444444444,0.05555555555555555,0.0992063492063492
0.0,0.06746031746031746,0.0,252,66,1,0.09523809523809523,0.9444444444444444,0.05555555555555555,0.09523809523809523
0.0,0.03968253968253968,0.0,252,67,1,0.0992063492063492,0.9444444444444444,0.05555555555555555,0.1111111111111111
0.0,0.03571428571428571,0.0,252,68,1,0.11507936507936507,0.9444444444444444,0.05555555555555555,0.11904761904761904
0.0,0.047619047619047616,0.0,252,69,1,0.08333333333333333,0.9444444444444444,0.05555555555555555,0.0873015873015873
0.0,0.06746031746031746,0.0,252,70,1,0.10317460317460317,0.9444444444444444,0.05555555555555555,0.0992063492063492
0.0,0.03571428571428571,0.0,252,71,1,0.0992063492063492,0.9444444444444444,0.05555555555555555,0.0992063492063492
0.0,0.05555555555555555,0.0,252,72,1,0.0873015873015873,0.9444444444444444,0.05555555555555555,0.0992063492063492
0.0,0.03968253968253968,0.0,252,73,1,0.0992063492063492,0.9444444444444444,0.05555555555555555,0.09126984126984126
0.0,0.027777777777777776,0.0,252,74,1,0.0992063492063492,0.9444444444444444,0.05555555555555555,0.09523809523809523
0.0,0.03571428571428571,0.0,252,75,1,0.0992063492063492,0.9444444444444444,0.05555555555555555,0.09523809523809523
0.0,0.04365079365079365,0.0,252,76,1,0.10714285714285714,0.9444444444444444,0.05555555555555555,0.11507936507936507
0.0,0.05555555555555555,0.0,252,77,1,0.08333333333333333,0.9444444444444444,0.05555555555555555,0.08333333333333333
0.0,0.047619047619047616,0.0,252,78,1,0.07936507936507936,0.9444444444444444,0.05555555555555555,0.0873015873015873
0.0,0.06746031746031746,0.0,252,79,1,0.10714285714285714,0.9444444444444444,0.05555555555555555,0.10317460317460317
0.0,0.047619047619047616,0.0,252,80,1,0.10714285714285714,0.9444444444444444,0.05555555555555555,0.11507936507936507
0.0,0.03968253968253968,0.0,252,81,1,0.10317460317460317,0.9444444444444444,0.05555555555555555,0.11507936507936507
0.0,0.027777777777777776,0.0,252,82,1,0.0992063492063492,0.9444444444444444,0.05555555555555555,0.0992063492063492
0.0,0.03571428571428571,0.0,252,83,1,0.11507936507936507,0.9444444444444444,0.05555555555555555,0.1111111111111111
0.0,0.03571428571428571,0.0,252,84,1,0.12301587301587301,0.9444444444444444,0.05555555555555555,0.11904761904761904
0.0,0.04365079365079365,0.0,252,85,1,0.07539682539682539,0.9444444444444444,0.05555555555555555,0.07936507936507936
0.0,0.03571428571428571,0.0,252,86,1,0.09126984126984126,0.9444444444444444,0.05555555555555555,0.0873015873015873
0.0,0.03571428571428571,0.0,252,87,1,0.10714285714285714,0.9444444444444444,0.05555555555555555,0.10714285714285714
0.0,0.031746031746031744,0.0,252,88,1,0.09523809523809523,0.9444444444444444,0.05555555555555555,0.09523809523809523
0.0,0.023809523809523808,0.0,252,89,1,0.07539682539682539,0.9444444444444444,0.05555555555555555,0.07539682539682539
0.0,0.047619047619047616,0.0,252,90,1,0.09523809523809523,0.9444444444444444,0.05555555555555555,0.10317460317460317
0.0,0.04365079365079365,0.0,252,91,1,0.0992063492063492,0.9444444444444444,0.05555555555555555,0.10317460317460317
0.0,0.051587301587301584,0.0,252,92,1,0.1111111111111111,0.9444444444444444,0.05555555555555555,0.10317460317460317
0.0,0.03968253968253968,0.0,252,93,1,0.1111111111111111,0.9444444444444444,0.05555555555555555,0.10714285714285714
0.0,0.03968253968253968,0.0,252,94,1,0.0992063492063492,0.9444444444444444,0.05555555555555555,0.0992063492063492
0.0,0.03968253968253968,0.0,252,95,1,0.0992063492063492,0.9444444444444444,0.05555555555555555,0.0992063492063492
0.0,0.04365079365079365,0.0,252,96,1,0.11507936507936507,0.9444444444444444,0.05555555555555555,0.10317460317460317
0.0,0.051587301587301584,0.0,252,97,1,0.10317460317460317,0.9444444444444444,0.05555555555555555,0.10317460317460317
0.0,0.027777777777777776,0.0,252,98,1,0.10317460317460317,0.9444444444444444,0.05555555555555555,0.10317460317460317
0.0,0.05555555555555555,0.0,252,99,1,0.0873015873015873,0.9444444444444444,0.05555555555555555,0.09126984126984126
0.0,0.04365079365079365,0.0,252,100,1,0.10714285714285714,0.9444444444444444,0.05555555555555555,0.10714285714285714
0.0,0.03968253968253968,0.0,252,101,1,0.1111111111111111,0.9444444444444444,0.05555555555555555,0.1111111111111111
0.0,0.04365079365079365,0.0,252,102,1,0.0992063492063492,0.9444444444444444,0.05555555555555555,0.09523809523809523
0.0,0.03571428571428571,0.0,252,103,1,0.10317460317460317,0.9444444444444444,0.05555555555555555,0.1111111111111111
0.0,0.047619047619047616,0.0,252,104,1,0.0992063492063492,0.9444444444444444,0.05555555555555555,0.1111111111111111
0.0,0.03968253968253968,0.0,252,105,1,0.11904761904761904,0.9444444444444444,0.05555555555555555,0.1111111111111111
0.0,0.05952380952380952,0.0,252,106,1,0.11507936507936507,0.9444444444444444,0.05555555555555555,0.12698412698412698
0.0,0.03571428571428571,0.0,252,107,1,0.11507936507936507,0.9444444444444444,0.05555555555555555,0.11507936507936507
0.0,0.051587301587301584,0.0,252,108,1,0.09126984126984126,0.9444444444444444,0.05555555555555555,0.0873015873015873
0.0,0.05555555555555555,0.0,252,109,1,0.0992063492063492,0.9444444444444444,0.05555555555555555,0.09523809523809523
0.0,0.047619047619047616,0.0,252,110,1,0.11904761904761904,0.9444444444444444,0.05555555555555555,0.11507936507936507
0.0,0.047619047619047616,0.0,252,111,1,0.11904761904761904,0.9444444444444444,0.05555555555555555,0.11904761904761904
0.0,0.047619047619047616,0.0,252,112,1,0.09126984126984126,0.9444444444444444,0.05555555555555555,0.10714285714285714
0.0,0.03571428571428571,0.0,252,113,1,0.09126984126984126,0.9444444444444444,0.05555555555555555,0.0992063492063492
0.0,0.027777777777777776,0.0,252,114,1,0.0873015873015873,0.9444444444444444,0.05555555555555555,0.09523809523809523
0.0,0.047619047619047616,0.0,252,115,1,0.10317460317460317,0.9444444444444444,0.05555555555555555,0.09523809523809523
0.0,0.047619047619047616,0.0,252,116,1,0.10714285714285714,0.9444444444444444,0.05555555555555555,0.10317460317460317
0.0,0.047619047619047616,0.0,252,117,1,0.08333333333333333,0.9444444444444444,0.05555555555555555,0.07936507936507936
0.0,0.03968253968253968,0.0,252,118,1,0.0992063492063492,0.9444444444444444,0.05555555555555555,0.09523809523809523
0.0,0.047619047619047616,0.0,252,119,1,0.10317460317460317,0.9444444444444444,0.05555555555555555,0.10317460317460317
0.0,0.03968253968253968,0.0,252,120,1,0.09126984126984126,0.9444444444444444,0.05555555555555555,0.10317460317460317
0.0,0.04365079365079365,0.0,252,121,1,0.0992063492063492,0.9444444444444444,0.05555555555555555,0.09126984126984126
0.0,0.047619047619047616,0.0,252,122,1,0.10317460317460317,0.9444444444444444,0.05555555555555555,0.0992063492063492
0.0,0.04365079365079365,0.0,252,123,1,0.09126984126984126,0.9444444444444444,0.05555555555555555,0.0992063492063492
0.0,0.047619047619047616,0.0,252,124,1,0.10317460317460317,0.9444444444444444,0.05555555555555555,0.10714285714285714
0.0,0.05555555555555555,0.0,252,125,1,0.11904761904761904,0.9444444444444444,0.05555555555555555,0.12301587301587301
0.0,0.047619047619047616,0.0,252,126,1,0.10317460317460317,0.9444444444444444,0.05555555555555555,0.0992063492063492
0.0,0.031746031746031744,0.0,252,127,1,0.10714285714285714,0.9444444444444444,0.05555555555555555,0.1111111111111111
0.0,0.03968253968253968,0.0,252,128,1,0.09523809523809523,0.9444444444444444,0.05555555555555555,0.0992063492063492
0.0,0.03968253968253968,0.0,252,129,1,0.0992063492063492,0.9444444444444444,0.05555555555555555,0.0992063492063492
0.0,0.05952380952380952,0.0,252,130,1,0.10317460317460317,0.9444444444444444,0.05555555555555555,0.10714285714285714
0.0,0.04365079365079365,0.0,252,131,1,0.1111111111111111,0.9444444444444444,0.05555555555555555,0.12301587301587301
0.0,0.05555555555555555,0.0,252,132,1,0.10317460317460317,0.9444444444444444,0.05555555555555555,0.10714285714285714
0.0,0.06746031746031746,0.0,252,133,1,0.10714285714285714,0.9444444444444444,0.05555555555555555,0.11904761904761904
0.0,0.03571428571428571,0.0,252,134,1,0.0992063492063492,0.9444444444444444,0.05555555555555555,0.10714285714285714
0.0,0.05952380952380952,0.0,252,135,1,0.08333333333333333,0.9444444444444444,0.05555555555555555,0.08333333333333333
0.0,0.047619047619047616,0.0,252,136,1,0.10317460317460317,0.9444444444444444,0.05555555555555555,0.10317460317460317
0.0,0.04365079365079365,0.0,252,137,1,0.09523809523809523,0.9444444444444444,0.05555555555555555,0.10317460317460317
0.0,0.01984126984126984,0.0,252,138,1,0.0992063492063492,0.9444444444444444,0.05555555555555555,0.09523809523809523
0.0,0.047619047619047616,0.0,252,139,1,0.11904761904761904,0.9444444444444444,0.05555555555555555,0.11507936507936507
0.0,0.04365079365079365,0.0,252,140,1,0.11507936507936507,0.9444444444444444,0.05555555555555555,0.11507936507936507
0.0,0.031746031746031744,0.0,252,141,1,0.09126984126984126,0.9444444444444444,0.05555555555555555,0.0992063492063492
0.0,0.03571428571428571,0.0,252,142,1,0.09126984126984126,0.9444444444444444,0.05555555555555555,0.09126984126984126
0.0,0.051587301587301584,0.0,252,143,1,0.1111111111111111,0.9444444444444444,0.05555555555555555,0.11507936507936507
0.0,0.06349206349206349,0.0,252,144,1,0.11904761904761904,0.9444444444444444,0.05555555555555555,0.11507936507936507
0.0,0.04365079365079365,0.0,252,145,1,0.0873015873015873,0.9444444444444444,0.05555555555555555,0.0873015873015873
0.0,0.03968253968253968,0.0,252,146,1,0.10317460317460317,0.9444444444444444,0.05555555555555555,0.09523809523809523
0.0,0.03968253968253968,0.0,252,147,1,0.09126984126984126,0.9444444444444444,0.05555555555555555,0.0873015873015873
0.0,0.03968253968253968,0.0,252,148,1,0.10714285714285714,0.9444444444444444,0.05555555555555555,0.11904761904761904
0.0,0.031746031746031744,0.0,252,149,1,0.11507936507936507,0.9444444444444444,0.05555555555555555,0.11904761904761904
0.0,0.023809523809523808,0.0,252,150,1,0.10317460317460317,0.9444444444444444,0.05555555555555555,0.11507936507936507
0.0,0.05952380952380952,0.0,252,151,1,0.11507936507936507,0.9444444444444444,0.05555555555555555,0.1111111111111111
0.0,0.051587301587301584,0.0,252,152,1,0.11507936507936507,0.9444444444444444,0.05555555555555555,0.12301587301587301
0.0,0.04365079365079365,0.0,252,153,1,0.1111111111111111,0.9444444444444444,0.05555555555555555,0.10714285714285714
0.0,0.047619047619047616,0.0,252,154,1,0.1111111111111111,0.9444444444444444,0.05555555555555555,0.11507936507936507
0.0,0.051587301587301584,0.0,252,155,1,0.0992063492063492,0.9444444444444444,0.05555555555555555,0.10714285714285714
0.0,0.03571428571428571,0.0,252,156,1,0.10714285714285714,0.9444444444444444,0.05555555555555555,0.10317460317460317
0.0,0.027777777777777776,0.0,252,157,1,0.12698412698412698,0.9444444444444444,0.05555555555555555,0.12698412698412698
0.0,0.03571428571428571,0.0,252,158,1,0.07936507936507936,0.9444444444444444,0.05555555555555555,0.09126984126984126
0.0,0.051587301587301584,0.0,252,159,1,0.10317460317460317,0.9444444444444444,0.05555555555555555,0.10714285714285714
0.0,0.04365079365079365,0.0,252,160,1,0.09126984126984126,0.9444444444444444,0.05555555555555555,0.09126984126984126
0.0,0.031746031746031744,0.0,252,161,1,0.0992063492063492,0.9444444444444444,0.05555555555555555,0.09523809523809523
0.0,0.05952380952380952,0.0,252,162,1,0.09523809523809523,0.9444444444444444,0.05555555555555555,0.09523809523809523
0.0,0.03968253968253968,0.0,252,163,1,0.0873015873015873,0.9444444444444444,0.05555555555555555,0.0992063492063492
0.0,0.051587301587301584,0.0,252,164,1,0.1111111111111111,0.9444444444444444,0.05555555555555555,0.11507936507936507
0.0,0.04365079365079365,0.0,252,165,1,0.10317460317460317,0.9444444444444444,0.05555555555555555,0.10317460317460317
0.0,0.047619047619047616,0.0,252,166,1,0.0992063492063492,0.9444444444444444,0.05555555555555555,0.10317460317460317
0.0,0.03571428571428571,0.0,252,167,1,0.09523809523809523,0.9444444444444444,0.05555555555555555,0.10317460317460317
0.0,0.023809523809523808,0.0,252,168,1,0.07936507936507936,0.9444444444444444,0.05555555555555555,0.0873015873015873
0.0,0.051587301587301584,0.0,252,169,1,0.0873015873015873,0.9444444444444444,0.05555555555555555,0.09126984126984126
0.0,0.03571428571428571,0.0,252,170,1,0.10317460317460317,0.9444444444444444,0.05555555555555555,0.10714285714285714
0.0,0.031746031746031744,0.0,252,171,1,0.11507936507936507,0.9444444444444444,0.05555555555555555,0.1111111111111111
0.0,0.03968253968253968,0.0,252,172,1,0.0992063492063492,0.9444444444444444,0.05555555555555555,0.09523809523809523
0.0,0.027777777777777776,0.0,252,173,1,0.1111111111111111,0.9444444444444444,0.05555555555555555,0.1111111111111111
0.0,0.051587301587301584,0.0,252,174,1,0.09126984126984126,0.9444444444444444,0.05555555555555555,0.09126984126984126
0.0,0.03571428571428571,0.0,252,175,1,0.11507936507936507,0.9444444444444444,0.05555555555555555,0.11507936507936507
0.0,0.047619047619047616,0.0,252,176,1,0.09126984126984126,0.9444444444444444,0.05555555555555555,0.09126984126984126
0.0,0.047619047619047616,0.0,252,177,1,0.11904761904761904,0.9444444444444444,0.05555555555555555,0.11904761904761904
0.0,0.051587301587301584,0.0,252,178,1,0.11904761904761904,0.9444444444444444,0.05555555555555555,0.11904761904761904
0.0,0.03571428571428571,0.0,252,179,1,0.10317460317460317,0.9444444444444444,0.05555555555555555,0.09523809523809523
0.0,0.04365079365079365,0.0,252,180,1,0.1111111111111111,0.9444444444444444,0.05555555555555555,0.11904761904761904
0.0,0.04365079365079365,0.0,252,181,1,0.09523809523809523,0.9444444444444444,0.05555555555555555,0.10714285714285714
0.0,0.051587301587301584,0.0,252,182,1,0.0992063492063492,0.9444444444444444,0.05555555555555555,0.10317460317460317
0.0,0.047619047619047616,0.0,252,183,1,0.0873015873015873,0.9444444444444444,0.05555555555555555,0.08333333333333333
0.0,0.023809523809523808,0.0,252,184,1,0.1111111111111111,0.9444444444444444,0.05555555555555555,0.1111111111111111
0.0,0.03571428571428571,0.0,252,185,1,0.09126984126984126,0.9444444444444444,0.05555555555555555,0.0873015873015873
0.0,0.04365079365079365,0.0,252,186,1,0.10714285714285714,0.9444444444444444,0.05555555555555555,0.10317460317460317
0.0,0.01984126984126984,0.0,252,187,1,0.10714285714285714,0.9444444444444444,0.05555555555555555,0.1111111111111111
0.0,0.027777777777777776,0.0,252,188,1,0.0992063492063492,0.9444444444444444,0.05555555555555555,0.1111111111111111
0.0,0.027777777777777776,0.0,252,189,1,0.09126984126984126,0.9444444444444444,0.05555555555555555,0.09126984126984126
0.0,0.047619047619047616,0.0,252,190,1,0.09126984126984126,0.9444444444444444,0.05555555555555555,0.09126984126984126
0.0,0.04365079365079365,0.0,252,191,1,0.10317460317460317,0.9444444444444444,0.05555555555555555,0.0992063492063492
0.0,0.031746031746031744,0.0,252,192,1,0.09523809523809523,0.9444444444444444,0.05555555555555555,0.09523809523809523
0.0,0.047619047619047616,0.0,252,193,1,0.10714285714285714,0.9444444444444444,0.05555555555555555,0.10714285714285714
0.0,0.031746031746031744,0.0,252,194,1,0.08333333333333333,0.9444444444444444,0.05555555555555555,0.09523809523809523
0.0,0.051587301587301584,0.0,252,195,1,0.09126984126984126,0.9444444444444444,0.05555555555555555,0.09126984126984126
0.0,0.05952380952380952,0.0,252,196,1,0.10317460317460317,0.9444444444444444,0.05555555555555555,0.10317460317460317
0.0,0.06349206349206349,0.0,252,197,1,0.0992063492063492,0.9444444444444444,0.05555555555555555,0.0992063492063492
0.0,0.031746031746031744,0.0,252,198,1,0.1111111111111111,0.9444444444444444,0.05555555555555555,0.11507936507936507
0.0,0.047619047619047616,0.0,252,199,1,0.09523809523809523,0.9444444444444444,0.05555555555555555,0.09523809523809523
0.0,0.03571428571428571,0.0,252,200,1,0.10317460317460317,0.9444444444444444,0.05555555555555555,0.1111111111111111
0.0,0.05555555555555555,0.0,252,201,1,0.1111111111111111,0.9444444444444444,0.05555555555555555,0.10714285714285714
0.0,0.05555555555555555,0.0,252,202,1,0.10714285714285714,0.9444444444444444,0.05555555555555555,0.1111111111111111
0.0,0.031746031746031744,0.0,252,203,1,0.11507936507936507,0.9444444444444444,0.05555555555555555,0.11507936507936507
0.0,0.027777777777777776,0.0,252,204,1,0.1111111111111111,0.9444444444444444,0.05555555555555555,0.10714285714285714
0.0,0.047619047619047616,0.0,252,205,1,0.0992063492063492,0.9444444444444444,0.05555555555555555,0.10317460317460317
0.0,0.03571428571428571,0.0,252,206,1,0.10317460317460317,0.9444444444444444,0.05555555555555555,0.10317460317460317
0.0,0.05952380952380952,0.0,252,207,1,0.10714285714285714,0.9444444444444444,0.05555555555555555,0.10714285714285714
0.0,0.03968253968253968,0.0,252,208,1,0.10317460317460317,0.9444444444444444,0.05555555555555555,0.10317460317460317
0.0,0.05555555555555555,0.0,252,209,1,0.09126984126984126,0.9444444444444444,0.05555555555555555,0.0992063492063492
0.0,0.03968253968253968,0.0,252,210,1,0.11904761904761904,0.9444444444444444,0.05555555555555555,0.11904761904761904
0.0,0.03968253968253968,0.0,252,211,1,0.10714285714285714,0.9444444444444444,0.05555555555555555,0.10714285714285714
0.0,0.03571428571428571,0.0,252,212,1,0.1111111111111111,0.9444444444444444,0.05555555555555555,0.1111111111111111
0.0,0.031746031746031744,0.0,252,213,1,0.09523809523809523,0.9444444444444444,0.05555555555555555,0.0992063492063492
0.0,0.04365079365079365,0.0,252,214,1,0.11904761904761904,0.9444444444444444,0.05555555555555555,0.11904761904761904
0.0,0.047619047619047616,0.0,252,215,1,0.10714285714285714,0.9444444444444444,0.05555555555555555,0.10317460317460317
0.0,0.04365079365079365,0.0,252,216,1,0.08333333333333333,0.9444444444444444,0.05555555555555555,0.09126984126984126
0.0,0.047619047619047616,0.0,252,217,1,0.09523809523809523,0.9444444444444444,0.05555555555555555,0.09126984126984126
0.0,0.04365079365079365,0.0,252,218,1,0.12301587301587301,0.9444444444444444,0.05555555555555555,0.11507936507936507
0.0,0.047619047619047616,0.0,252,219,1,0.10714285714285714,0.9444444444444444,0.05555555555555555,0.1111111111111111
0.0,0.051587301587301584,0.0,252,220,1,0.09126984126984126,0.9444444444444444,0.05555555555555555,0.09523809523809523
0.0,0.051587301587301584,0.0,252,221,1,0.09523809523809523,0.9444444444444444,0.05555555555555555,0.09523809523809523
0.0,0.05555555555555555,0.0,252,222,1,0.11507936507936507,0.9444444444444444,0.05555555555555555,0.12698412698412698
0.0,0.047619047619047616,0.0,252,223,1,0.09523809523809523,0.9444444444444444,0.05555555555555555,0.0992063492063492
0.0,0.05555555555555555,0.0,252,224,1,0.0992063492063492,0.9444444444444444,0.05555555555555555,0.09523809523809523
0.0,0.047619047619047616,0.0,252,225,1,0.10714285714285714,0.9444444444444444,0.05555555555555555,0.11904761904761904
0.0,0.047619047619047616,0.0,252,226,1,0.10714285714285714,0.9444444444444444,0.05555555555555555,0.0992063492063492
0.0,0.031746031746031744,0.0,252,227,1,0.09126984126984126,0.9444444444444444,0.05555555555555555,0.09523809523809523
0.0,0.05555555555555555,0.0,252,228,1,0.11904761904761904,0.9444444444444444,0.05555555555555555,0.11904761904761904
0.0,0.047619047619047616,0.0,252,229,1,0.09523809523809523,0.9444444444444444,0.05555555555555555,0.09126984126984126
0.0,0.047619047619047616,0.0,252,230,1,0.11507936507936507,0.9444444444444444,0.05555555555555555,0.11904761904761904
0.0,0.03968253968253968,0.0,252,231,1,0.10317460317460317,0.9444444444444444,0.05555555555555555,0.10714285714285714
0.0,0.047619047619047616,0.0,252,232,1,0.10714285714285714,0.9444444444444444,0.05555555555555555,0.1111111111111111
0.0,0.01984126984126984,0.0,252,233,1,0.08333333333333333,0.9444444444444444,0.05555555555555555,0.08333333333333333
0.0,0.06746031746031746,0.0,252,234,1,0.11507936507936507,0.9444444444444444,0.05555555555555555,0.11904761904761904
0.0,0.04365079365079365,0.0,252,235,1,0.0992063492063492,0.9444444444444444,0.05555555555555555,0.10317460317460317
0.0,0.027777777777777776,0.0,252,236,1,0.0992063492063492,0.9444444444444444,0.05555555555555555,0.10714285714285714
0.0,0.03968253968253968,0.0,252,237,1,0.1111111111111111,0.9444444444444444,0.05555555555555555,0.10714285714285714
0.0,0.047619047619047616,0.0,252,238,1,0.09126984126984126,0.9444444444444444,0.05555555555555555,0.09523809523809523
0.0,0.047619047619047616,0.0,252,239,1,0.10714285714285714,0.9444444444444444,0.05555555555555555,0.12301587301587301
0.0,0.047619047619047616,0.0,252,240,1,0.07539682539682539,0.9444444444444444,0.05555555555555555,0.07539682539682539
0.0,0.031746031746031744,0.0,252,241,1,0.11904761904761904,0.9444444444444444,0.05555555555555555,0.12301587301587301
0.0,0.047619047619047616,0.0,252,242,1,0.10714285714285714,0.9444444444444444,0.05555555555555555,0.1111111111111111
0.0,0.027777777777777776,0.0,252,243,1,0.0992063492063492,0.9444444444444444,0.05555555555555555,0.09126984126984126
0.0,0.031746031746031744,0.0,252,244,1,0.0992063492063492,0.9444444444444444,0.05555555555555555,0.09126984126984126
0.0,0.03968253968253968,0.0,252,245,1,0.0873015873015873,0.9444444444444444,0.05555555555555555,0.0992063492063492
0.0,0.03968253968253968,0.0,252,246,1,0.09523809523809523,0.9444444444444444,0.05555555555555555,0.09523809523809523
0.0,0.047619047619047616,0.0,252,247,1,0.1111111111111111,0.9444444444444444,0.05555555555555555,0.11904761904761904
0.0,0.051587301587301584,0.0,252,248,1,0.10317460317460317,0.9444444444444444,0.05555555555555555,0.0992063492063492
0.0,0.051587301587301584,0.0,252,249,1,0.09126984126984126,0.9444444444444444,0.05555555555555555,0.09126984126984126
0.0,0.03571428571428571,0.0,252,250,1,0.10317460317460317,0.9444444444444444,0.05555555555555555,0.10714285714285714
0.0,0.03968253968253968,0.0,252,251,1,0.09126984126984126,0.9444444444444444,0.05555555555555555,0.0873015873015873
0.0,0.05952380952380952,0.0,252,252,1,0.0992063492063492,0.9444444444444444,0.05555555555555555,0.0992063492063492
0.0,0.027777777777777776,0.0,252,253,1,0.10714285714285714,0.9444444444444444,0.05555555555555555,0.10317460317460317
0.0,0.047619047619047616,0.0,252,254,1,0.11507936507936507,0.9444444444444444,0.05555555555555555,0.10714285714285714
0.0,0.05952380952380952,0.0,252,255,1,0.0992063492063492,0.9444444444444444,0.05555555555555555,0.0992063492063492
0.0,0.03571428571428571,0.0,252,0,2,0.07539682539682539,0.9444444444444444,0.05555555555555555,0.07539682539682539
0.0,0.031746031746031744,0.0,252,1,2,0.10714285714285714,0.9444444444444444,0.05555555555555555,0.11904761904761904
0.0,0.047619047619047616,0.0,252,2,2,0.06349206349206349,0.9444444444444444,0.05555555555555555,0.06349206349206349
0.0,0.03571428571428571,0.0,252,3,2,0.07936507936507936,0.9444444444444444,0.05555555555555555,0.07539682539682539
0.0,0.031746031746031744,0.0,252,4,2,0.1111111111111111,0.9444444444444444,0.05555555555555555,0.10714285714285714
0.0,0.023809523809523808,0.0,252,5,2,0.07539682539682539,0.9444444444444444,0.05555555555555555,0.07142857142857142
0.0,0.023809523809523808,0.0,252,6,2,0.07936507936507936,0.9444444444444444,0.05555555555555555,0.07539682539682539
0.0,0.047619047619047616,0.0,252,7,2,0.05555555555555555,0.9444444444444444,0.05555555555555555,0.047619047619047616
0.0,0.05952380952380952,0.0,252,8,2,0.09523809523809523,0.9444444444444444,0.05555555555555555,0.10714285714285714
0.0,0.031746031746031744,0.0,252,9,2,0.07142857142857142,0.9444444444444444,0.05555555555555555,0.06746031746031746
0.0,0.03968253968253968,0.0,252,10,2,0.06746031746031746,0.9444444444444444,0.05555555555555555,0.07539682539682539
0.0,0.031746031746031744,0.0,252,11,2,0.09523809523809523,0.9444444444444444,0.05555555555555555,0.09523809523809523
0.0,0.03571428571428571,0.0,252,12,2,0.07142857142857142,0.9444444444444444,0.05555555555555555,0.07539682539682539
0.0,0.031746031746031744,0.0,252,13,2,0.07936507936507936,0.9444444444444444,0.05555555555555555,0.07539682539682539
0.0,0.03571428571428571,0.0,252,14,2,0.09126984126984126,0.9444444444444444,0.05555555555555555,0.09126984126984126
0.0,0.03571428571428571,0.0,252,15,2,0.10317460317460317,0.9444444444444444,0.05555555555555555,0.09523809523809523
0.0,0.04365079365079365,0.0,252,16,2,0.07142857142857142,0.9444444444444444,0.05555555555555555,0.08333333333333333
0.0,0.03968253968253968,0.0,252,17,2,0.0992063492063492,0.9444444444444444,0.05555555555555555,0.09523809523809523
0.0,0.04365079365079365,0.0,252,18,2,0.08333333333333333,0.9444444444444444,0.05555555555555555,0.0873015873015873
0.0,0.03571428571428571,0.0,252,19,2,0.05952380952380952,0.9444444444444444,0.05555555555555555,0.05952380952380952
0.0,0.03968253968253968,0.0,252,20,2,0.07142857142857142,0.9444444444444444,0.05555555555555555,0.06349206349206349
0.0,0.03571428571428571,0.0,252,21,2,0.09523809523809523,0.9444444444444444,0.05555555555555555,0.09523809523809523
0.0,0.051587301587301584,0.0,252,22,2,0.07936507936507936,0.9444444444444444,0.05555555555555555,0.07936507936507936
0.0,0.04365079365079365,0.0,252,23,2,0.09523809523809523,0.9444444444444444,0.05555555555555555,0.0873015873015873
0.0,0.047619047619047616,0.0,252,24,2,0.05952380952380952,0.9444444444444444,0.05555555555555555,0.05952380952380952
0.0,0.027777777777777776,0.0,252,25,2,0.07539682539682539,0.9444444444444444,0.05555555555555555,0.0873015873015873
0.0,0.04365079365079365,0.0,252,26,2,0.07142857142857142,0.9444444444444444,0.05555555555555555,0.07936507936507936
0.0,0.031746031746031744,0.0,252,27,2,0.06746031746031746,0.9444444444444444,0.05555555555555555,0.06746031746031746
0.0,0.023809523809523808,0.0,252,28,2,0.06746031746031746,0.9444444444444444,0.05555555555555555,0.07142857142857142
0.0,0.03571428571428571,0.0,252,29,2,0.07539682539682539,0.9444444444444444,0.05555555555555555,0.07936507936507936
0.0,0.04365079365079365,0.0,252,30,2,0.08333333333333333,0.9444444444444444,0.05555555555555555,0.07936507936507936
0.0,0.05952380952380952,0.0,252,31,2,0.06349206349206349,0.9444444444444444,0.05555555555555555,0.07142857142857142
0.0,0.04365079365079365,0.0,252,32,2,0.0873015873015873,0.9444444444444444,0.05555555555555555,0.0873015873015873
0.0,0.03571428571428571,0.0,252,33,2,0.06349206349206349,0.9444444444444444,0.05555555555555555,0.06349206349206349
0.0,0.03571428571428571,0.0,252,34,2,0.07142857142857142,0.9444444444444444,0.05555555555555555,0.05952380952380952
0.0,0.031746031746031744,0.0,252,35,2,0.06746031746031746,0.9444444444444444,0.05555555555555555,0.06746031746031746
0.0,0.031746031746031744,0.0,252,36,2,0.06349206349206349,0.9444444444444444,0.05555555555555555,0.06746031746031746
0.0,0.03571428571428571,0.0,252,37,2,0.06746031746031746,0.9444444444444444,0.05555555555555555,0.06746031746031746
0.0,0.031746031746031744,0.0,252,38,2,0.0873015873015873,0.9444444444444444,0.05555555555555555,0.07936507936507936
0.0,0.03968253968253968,0.0,252,39,2,0.07936507936507936,0.9444444444444444,0.05555555555555555,0.07936507936507936
0.0,0.03968253968253968,0.0,252,40,2,0.09126984126984126,0.9444444444444444,0.05555555555555555,0.09523809523809523
0.0,0.027777777777777776,0.0,252,41,2,0.051587301587301584,0.9444444444444444,0.05555555555555555,0.051587301587301584
0.0,0.023809523809523808,0.0,252,42,2,0.06746031746031746,0.9444444444444444,0.05555555555555555,0.07539682539682539
0.0,0.047619047619047616,0.0,252,43,2,0.07936507936507936,0.9444444444444444,0.05555555555555555,0.08333333333333333
0.0,0.051587301587301584,0.0,252,44,2,0.09126984126984126,0.9444444444444444,0.05555555555555555,0.0873015873015873
0.0,0.04365079365079365,0.0,252,45,2,0.0992063492063492,0.9444444444444444,0.05555555555555555,0.09523809523809523
0.0,0.03571428571428571,0.0,252,46,2,0.051587301587301584,0.9444444444444444,0.05555555555555555,0.05952380952380952
0.0,0.03968253968253968,0.0,252,47,2,0.07142857142857142,0.9444444444444444,0.05555555555555555,0.07142857142857142
0.0,0.031746031746031744,0.0,252,48,2,0.09523809523809523,0.9444444444444444,0.05555555555555555,0.09126984126984126
0.0,0.03968253968253968,0.0,252,49,2,0.08333333333333333,0.9444444444444444,0.05555555555555555,0.07936507936507936
0.0,0.023809523809523808,0.0,252,50,2,0.07539682539682539,0.9444444444444444,0.05555555555555555,0.07142857142857142
0.0,0.031746031746031744,0.0,252,51,2,0.07539682539682539,0.9444444444444444,0.05555555555555555,0.07142857142857142
0.0,0.031746031746031744,0.0,252,52,2,0.10317460317460317,0.9444444444444444,0.05555555555555555,0.0992063492063492
0.0,0.027777777777777776,0.0,252,53,2,0.09126984126984126,0.9444444444444444,0.05555555555555555,0.09126984126984126
0.0,0.01984126984126984,0.0,252,54,2,0.10317460317460317,0.9444444444444444,0.05555555555555555,0.10317460317460317
0.0,0.047619047619047616,0.0,252,55,2,0.08333333333333333,0.9444444444444444,0.05555555555555555,0.0873015873015873
0.0,0.01984126984126984,0.0,252,56,2,0.07539682539682539,0.9444444444444444,0.05555555555555555,0.07539682539682539
0.0,0.031746031746031744,0.0,252,57,2,0.08333333333333333,0.9444444444444444,0.05555555555555555,0.08333333333333333
0.0,0.051587301587301584,0.0,252,58,2,0.08333333333333333,0.9444444444444444,0.05555555555555555,0.08333333333333333
0.0,0.023809523809523808,0.0,252,59,2,0.07936507936507936,0.9444444444444444,0.05555555555555555,0.07936507936507936
0.0,0.031746031746031744,0.0,252,60,2,0.07142857142857142,0.9444444444444444,0.05555555555555555,0.07142857142857142
0.0,0.023809523809523808,0.0,252,61,2,0.09126984126984126,0.9444444444444444,0.05555555555555555,0.0873015873015873
0.0,0.031746031746031744,0.0,252,62,2,0.0873015873015873,0.9444444444444444,0.05555555555555555,0.09523809523809523
0.0,0.06349206349206349,0.0,252,63,2,0.07936507936507936,0.9444444444444444,0.05555555555555555,0.07936507936507936
0.0,0.023809523809523808,0.0,252,64,2,0.07539682539682539,0.9444444444444444,0.05555555555555555,0.07539682539682539
0.0,0.04365079365079365,0.0,252,65,2,0.07142857142857142,0.9444444444444444,0.05555555555555555,0.07539682539682539
0.0,0.03968253968253968,0.0,252,66,2,0.07936507936507936,0.9444444444444444,0.05555555555555555,0.09126984126984126
0.0,0.027777777777777776,0.0,252,67,2,0.10317460317460317,0.9444444444444444,0.05555555555555555,0.09126984126984126
0.0,0.03571428571428571,0.0,252,68,2,0.0873015873015873,0.9444444444444444,0.05555555555555555,0.10317460317460317
0.0,0.023809523809523808,0.0,252,69,2,0.06746031746031746,0.9444444444444444,0.05555555555555555,0.07142857142857142
0.0,0.01984126984126984,0.0,252,70,2,0.07936507936507936,0.9444444444444444,0.05555555555555555,0.07539682539682539
0.0,0.03571428571428571,0.0,252,71,2,0.07142857142857142,0.9444444444444444,0.05555555555555555,0.08333333333333333
0.0,0.047619047619047616,0.0,252,72,2,0.07539682539682539,0.9444444444444444,0.05555555555555555,0.07936507936507936
0.0,0.027777777777777776,0.0,252,73,2,0.09523809523809523,0.9444444444444444,0.05555555555555555,0.0873015873015873
0.0,0.03571428571428571,0.0,252,74,2,0.06746031746031746,0.9444444444444444,0.05555555555555555,0.06746031746031746
0.0,0.03571428571428571,0.0,252,75,2,0.06349206349206349,0.9444444444444444,0.05555555555555555,0.06349206349206349
0.0,0.031746031746031744,0.0,252,76,2,0.10714285714285714,0.9444444444444444,0.05555555555555555,0.10714285714285714
0.0,0.031746031746031744,0.0,252,77,2,0.07142857142857142,0.9444444444444444,0.05555555555555555,0.07142857142857142
0.0,0.023809523809523808,0.0,252,78,2,0.10714285714285714,0.9444444444444444,0.05555555555555555,0.0992063492063492
0.0,0.023809523809523808,0.0,252,79,2,0.0873015873015873,0.9444444444444444,0.05555555555555555,0.08333333333333333
0.0,0.023809523809523808,0.0,252,80,2,0.07936507936507936,0.9444444444444444,0.05555555555555555,0.07539682539682539
0.0,0.031746031746031744,0.0,252,81,2,0.07936507936507936,0.9444444444444444,0.05555555555555555,0.07142857142857142
0.0,0.04365079365079365,0.0,252,82,2,0.07539682539682539,0.9444444444444444,0.05555555555555555,0.07142857142857142
0.0,0.023809523809523808,0.0,252,83,2,0.07142857142857142,0.9444444444444444,0.05555555555555555,0.08333333333333333
0.0,0.027777777777777776,0.0,252,84,2,0.0873015873015873,0.9444444444444444,0.05555555555555555,0.0873015873015873
0.0,0.03968253968253968,0.0,252,85,2,0.08333333333333333,0.9444444444444444,0.05555555555555555,0.08333333333333333
0.0,0.051587301587301584,0.0,252,86,2,0.08333333333333333,0.9444444444444444,0.05555555555555555,0.08333333333333333
0.0,0.03571428571428571,0.0,252,87,2,0.07936507936507936,0.9444444444444444,0.05555555555555555,0.09126984126984126
0.0,0.031746031746031744,0.0,252,88,2,0.08333333333333333,0.9444444444444444,0.05555555555555555,0.07936507936507936
0.0,0.04365079365079365,0.0,252,89,2,0.05952380952380952,0.9444444444444444,0.05555555555555555,0.06746031746031746
0.0,0.04365079365079365,0.0,252,90,2,0.09126984126984126,0.9444444444444444,0.05555555555555555,0.08333333333333333
0.0,0.03571428571428571,0.0,252,91,2,0.08333333333333333,0.9444444444444444,0.05555555555555555,0.08333333333333333
0.0,0.04365079365079365,0.0,252,92,2,0.05555555555555555,0.9444444444444444,0.05555555555555555,0.06349206349206349
0.0,0.03571428571428571,0.0,252,93,2,0.0992063492063492,0.9444444444444444,0.05555555555555555,0.0992063492063492
0.0,0.01984126984126984,0.0,252,94,2,0.09126984126984126,0.9444444444444444,0.05555555555555555,0.09126984126984126
0.0,0.03571428571428571,0.0,252,95,2,0.09126984126984126,0.9444444444444444,0.05555555555555555,0.09126984126984126
0.0,0.023809523809523808,0.0,252,96,2,0.08333333333333333,0.9444444444444444,0.05555555555555555,0.08333333333333333
0.0,0.031746031746031744,0.0,252,97,2,0.09126984126984126,0.9444444444444444,0.05555555555555555,0.0992063492063492
0.0,0.04365079365079365,0.0,252,98,2,0.047619047619047616,0.9444444444444444,0.05555555555555555,0.051587301587301584
0.0,0.023809523809523808,0.0,252,99,2,0.0873015873015873,0.9444444444444444,0.05555555555555555,0.08333333333333333
0.0,0.031746031746031744,0.0,252,100,2,0.05555555555555555,0.9444444444444444,0.05555555555555555,0.051587301587301584
0.0,0.023809523809523808,0.0,252,101,2,0.0992063492063492,0.9444444444444444,0.05555555555555555,0.09126984126984126
0.0,0.031746031746031744,0.0,252,102,2,0.0992063492063492,0.9444444444444444,0.05555555555555555,0.0992063492063492
0.0,0.03571428571428571,0.0,252,103,2,0.07142857142857142,0.9444444444444444,0.05555555555555555,0.07936507936507936
0.0,0.03571428571428571,0.0,252,104,2,0.09126984126984126,0.9444444444444444,0.05555555555555555,0.08333333333333333
0.0,0.023809523809523808,0.0,252,105,2,0.06746031746031746,0.9444444444444444,0.05555555555555555,0.06746031746031746
0.0,0.03571428571428571,0.0,252,106,2,0.07142857142857142,0.9444444444444444,0.05555555555555555,0.07142857142857142
0.0,0.04365079365079365,0.0,252,107,2,0.07539682539682539,0.9444444444444444,0.05555555555555555,0.07539682539682539
0.0,0.031746031746031744,0.0,252,108,2,0.09126984126984126,0.9444444444444444,0.05555555555555555,0.0873015873015873
0.0,0.031746031746031744,0.0,252,109,2,0.06746031746031746,0.9444444444444444,0.05555555555555555,0.07142857142857142
0.0,0.03571428571428571,0.0,252,110,2,0.0873015873015873,0.9444444444444444,0.05555555555555555,0.0873015873015873
0.0,0.027777777777777776,0.0,252,111,2,0.0873015873015873,0.9444444444444444,0.05555555555555555,0.09126984126984126
0.0,0.04365079365079365,0.0,252,112,2,0.0873015873015873,0.9444444444444444,0.05555555555555555,0.09523809523809523
0.0,0.05555555555555555,0.0,252,113,2,0.07142857142857142,0.9444444444444444,0.05555555555555555,0.07539682539682539
0.0,0.03968253968253968,0.0,252,114,2,0.07936507936507936,0.9444444444444444,0.05555555555555555,0.07539682539682539
0.0,0.04365079365079365,0.0,252,115,2,0.09126984126984126,0.9444444444444444,0.05555555555555555,0.09523809523809523
0.0,0.03968253968253968,0.0,252,116,2,0.07539682539682539,0.9444444444444444,0.05555555555555555,0.07539682539682539
0.0,0.051587301587301584,0.0,252,117,2,0.10317460317460317,0.9444444444444444,0.05555555555555555,0.10714285714285714
0.0,0.05555555555555555,0.0,252,118,2,0.09126984126984126,0.9444444444444444,0.05555555555555555,0.09126984126984126
0.0,0.023809523809523808,0.0,252,119,2,0.08333333333333333,0.9444444444444444,0.05555555555555555,0.07539682539682539
0.0,0.027777777777777776,0.0,252,120,2,0.05555555555555555,0.9444444444444444,0.05555555555555555,0.05555555555555555
0.0,0.047619047619047616,0.0,252,121,2,0.09126984126984126,0.9444444444444444,0.05555555555555555,0.09126984126984126
0.0,0.031746031746031744,0.0,252,122,2,0.07142857142857142,0.9444444444444444,0.05555555555555555,0.07142857142857142
0.0,0.051587301587301584,0.0,252,123,2,0.06746031746031746,0.9444444444444444,0.05555555555555555,0.07142857142857142
0.0,0.027777777777777776,0.0,252,124,2,0.08333333333333333,0.9444444444444444,0.05555555555555555,0.0873015873015873
0.0,0.027777777777777776,0.0,252,125,2,0.07539682539682539,0.9444444444444444,0.05555555555555555,0.07936507936507936
0.0,0.03968253968253968,0.0,252,126,2,0.07936507936507936,0.9444444444444444,0.05555555555555555,0.0873015873015873
0.0,0.03968253968253968,0.0,252,127,2,0.0873015873015873,0.9444444444444444,0.05555555555555555,0.08333333333333333
0.0,0.03968253968253968,0.0,252,128,2,0.07142857142857142,0.9444444444444444,0.05555555555555555,0.07142857142857142
0.0,0.04365079365079365,0.0,252,129,2,0.08333333333333333,0.9444444444444444,0.05555555555555555,0.0873015873015873
0.0,0.04365079365079365,0.0,252,130,2,0.07936507936507936,0.9444444444444444,0.05555555555555555,0.07142857142857142
0.0,0.047619047619047616,0.0,252,131,2,0.08333333333333333,0.9444444444444444,0.05555555555555555,0.07539682539682539
0.0,0.03571428571428571,0.0,252,132,2,0.05952380952380952,0.9444444444444444,0.05555555555555555,0.07142857142857142
0.0,0.03571428571428571,0.0,252,133,2,0.051587301587301584,0.9444444444444444,0.05555555555555555,0.047619047619047616
0.0,0.05555555555555555,0.0,252,134,2,0.07142857142857142,0.9444444444444444,0.05555555555555555,0.07539682539682539
0.0,0.03571428571428571,0.0,252,135,2,0.09126984126984126,0.9444444444444444,0.05555555555555555,0.0873015873015873
0.0,0.031746031746031744,0.0,252,136,2,0.07539682539682539,0.9444444444444444,0.05555555555555555,0.07936507936507936
0.0,0.015873015873015872,0.0,252,137,2,0.07142857142857142,0.9444444444444444,0.05555555555555555,0.07936507936507936
0.0,0.03571428571428571,0.0,252,138,2,0.06746031746031746,0.9444444444444444,0.05555555555555555,0.06746031746031746
0.0,0.04365079365079365,0.0,252,139,2,0.08333333333333333,0.9444444444444444,0.05555555555555555,0.0873015873015873
0.0,0.05952380952380952,0.0,252,140,2,0.07142857142857142,0.9444444444444444,0.05555555555555555,0.07539682539682539
0.0,0.05952380952380952,0.0,252,141,2,0.09523809523809523,0.9444444444444444,0.05555555555555555,0.10714285714285714
0.0,0.03968253968253968,0.0,252,142,2,0.10317460317460317,0.9444444444444444,0.05555555555555555,0.0992063492063492
0.0,0.011904761904761904,0.0,252,143,2,0.0873015873015873,0.9444444444444444,0.05555555555555555,0.07936507936507936
0.0,0.027777777777777776,0.0,252,144,2,0.07539682539682539,0.9444444444444444,0.05555555555555555,0.08333333333333333
0.0,0.031746031746031744,0.0,252,145,2,0.07142857142857142,0.9444444444444444,0.05555555555555555,0.07142857142857142
0.0,0.027777777777777776,0.0,252,146,2,0.09126984126984126,0.9444444444444444,0.05555555555555555,0.08333333333333333
0.0,0.031746031746031744,0.0,252,147,2,0.07142857142857142,0.9444444444444444,0.05555555555555555,0.07142857142857142
0.0,0.023809523809523808,0.0,252,148,2,0.07142857142857142,0.9444444444444444,0.05555555555555555,0.07539682539682539
0.0,0.05952380952380952,0.0,252,149,2,0.08333333333333333,0.9444444444444444,0.05555555555555555,0.08333333333333333
0.0,0.051587301587301584,0.0,252,150,2,0.0873015873015873,0.9444444444444444,0.05555555555555555,0.0873015873015873
0.0,0.011904761904761904,0.0,252,151,2,0.07142857142857142,0.9444444444444444,0.05555555555555555,0.06349206349206349
0.0,0.051587301587301584,0.0,252,152,2,0.07142857142857142,0.9444444444444444,0.05555555555555555,0.06746031746031746
0.0,0.03571428571428571,0.0,252,153,2,0.07936507936507936,0.9444444444444444,0.05555555555555555,0.08333333333333333
0.0,0.051587301587301584,0.0,252,154,2,0.06746031746031746,0.9444444444444444,0.05555555555555555,0.06746031746031746
0.0,0.05555555555555555,0.0,252,155,2,0.0992063492063492,0.9444444444444444,0.05555555555555555,0.09523809523809523
0.0,0.03571428571428571,0.0,252,156,2,0.07936507936507936,0.9444444444444444,0.05555555555555555,0.0873015873015873
0.0,0.031746031746031744,0.0,252,157,2,0.0873015873015873,0.9444444444444444,0.05555555555555555,0.08333333333333333
0.0,0.027777777777777776,0.0,252,158,2,0.08333333333333333,0.9444444444444444,0.05555555555555555,0.07936507936507936
0.0,0.05555555555555555,0.0,252,159,2,0.051587301587301584,0.9444444444444444,0.05555555555555555,0.05555555555555555
0.0,0.03571428571428571,0.0,252,160,2,0.06746031746031746,0.9444444444444444,0.05555555555555555,0.07142857142857142
0.0,0.031746031746031744,0.0,252,161,2,0.07936507936507936,0.9444444444444444,0.05555555555555555,0.07539682539682539
0.0,0.023809523809523808,0.0,252,162,2,0.06349206349206349,0.9444444444444444,0.05555555555555555,0.05952380952380952
0.0,0.027777777777777776,0.0,252,163,2,0.07142857142857142,0.9444444444444444,0.05555555555555555,0.06746031746031746
0.0,0.047619047619047616,0.0,252,164,2,0.09126984126984126,0.9444444444444444,0.05555555555555555,0.0873015873015873
0.0,0.027777777777777776,0.0,252,165,2,0.09126984126984126,0.9444444444444444,0.05555555555555555,0.0873015873015873
0.0,0.03571428571428571,0.0,252,166,2,0.07539682539682539,0.9444444444444444,0.05555555555555555,0.08333333333333333
0.0,0.03571428571428571,0.0,252,167,2,0.07142857142857142,0.9444444444444444,0.05555555555555555,0.06746031746031746
0.0,0.031746031746031744,0.0,252,168,2,0.09126984126984126,0.9444444444444444,0.05555555555555555,0.08333333333333333
0.0,0.05952380952380952,0.0,252,169,2,0.06349206349206349,0.9444444444444444,0.05555555555555555,0.06349206349206349
0.0,0.03571428571428571,0.0,252,170,2,0.07936507936507936,0.9444444444444444,0.05555555555555555,0.0873015873015873
0.0,0.03571428571428571,0.0,252,171,2,0.09126984126984126,0.9444444444444444,0.05555555555555555,0.08333333333333333
0.0,0.051587301587301584,0.0,252,172,2,0.08333333333333333,0.9444444444444444,0.05555555555555555,0.0873015873015873
0.0,0.047619047619047616,0.0,252,173,2,0.06746031746031746,0.9444444444444444,0.05555555555555555,0.07142857142857142
0.0,0.01984126984126984,0.0,252,174,2,0.0992063492063492,0.9444444444444444,0.05555555555555555,0.0873015873015873
0.0,0.031746031746031744,0.0,252,175,2,0.0873015873015873,0.9444444444444444,0.05555555555555555,0.0873015873015873
0.0,0.031746031746031744,0.0,252,176,2,0.0873015873015873,0.9444444444444444,0.05555555555555555,0.0992063492063492
0.0,0.03571428571428571,0.0,252,177,2,0.07539682539682539,0.9444444444444444,0.05555555555555555,0.07142857142857142
0.0,0.051587301587301584,0.0,252,178,2,0.10317460317460317,0.9444444444444444,0.05555555555555555,0.09523809523809523
0.0,0.031746031746031744,0.0,252,179,2,0.06746031746031746,0.9444444444444444,0.05555555555555555,0.07539682539682539
0.0,0.027777777777777776,0.0,252,180,2,0.0873015873015873,0.9444444444444444,0.05555555555555555,0.07936507936507936
0.0,0.031746031746031744,0.0,252,181,2,0.09126984126984126,0.9444444444444444,0.05555555555555555,0.09523809523809523
0.0,0.03968253968253968,0.0,252,182,2,0.07936507936507936,0.9444444444444444,0.05555555555555555,0.0873015873015873
0.0,0.03571428571428571,0.0,252,183,2,0.07936507936507936,0.9444444444444444,0.05555555555555555,0.08333333333333333
0.0,0.047619047619047616,0.0,252,184,2,0.07539682539682539,0.9444444444444444,0.05555555555555555,0.07142857142857142
0.0,0.023809523809523808,0.0,252,185,2,0.07539682539682539,0.9444444444444444,0.05555555555555555,0.07539682539682539
0.0,0.05555555555555555,0.0,252,186,2,0.09126984126984126,0.9444444444444444,0.05555555555555555,0.09126984126984126
0.0,0.047619047619047616,0.0,252,187,2,0.07936507936507936,0.9444444444444444,0.05555555555555555,0.07936507936507936
0.0,0.027777777777777776,0.0,252,188,2,0.07142857142857142,0.9444444444444444,0.05555555555555555,0.07142857142857142
0.0,0.03968253968253968,0.0,252,189,2,0.08333333333333333,0.9444444444444444,0.05555555555555555,0.07936507936507936
0.0,0.047619047619047616,0.0,252,190,2,0.07142857142857142,0.9444444444444444,0.05555555555555555,0.06746031746031746
0.0,0.03571428571428571,0.0,252,191,2,0.05952380952380952,0.9444444444444444,0.05555555555555555,0.05952380952380952
0.0,0.031746031746031744,0.0,252,192,2,0.07142857142857142,0.9444444444444444,0.05555555555555555,0.07142857142857142
0.0,0.047619047619047616,0.0,252,193,2,0.08333333333333333,0.9444444444444444,0.05555555555555555,0.07936507936507936
0.0,0.027777777777777776,0.0,252,194,2,0.07936507936507936,0.9444444444444444,0.05555555555555555,0.07539682539682539
0.0,0.031746031746031744,0.0,252,195,2,0.07539682539682539,0.9444444444444444,0.05555555555555555,0.07936507936507936
0.0,0.03968253968253968,0.0,252,196,2,0.06746031746031746,0.9444444444444444,0.05555555555555555,0.07142857142857142
0.0,0.047619047619047616,0.0,252,197,2,0.06746031746031746,0.9444444444444444,0.05555555555555555,0.06746031746031746
0.0,0.023809523809523808,0.0,252,198,2,0.05952380952380952,0.9444444444444444,0.05555555555555555,0.05952380952380952
0.0,0.031746031746031744,0.0,252,199,2,0.07936507936507936,0.9444444444444444,0.05555555555555555,0.08333333333333333
0.0,0.03571428571428571,0.0,252,200,2,0.07539682539682539,0.9444444444444444,0.05555555555555555,0.08333333333333333
0.0,0.03571428571428571,0.0,252,201,2,0.0992063492063492,0.9444444444444444,0.05555555555555555,0.09523809523809523
0.0,0.03968253968253968,0.0,252,202,2,0.06746031746031746,0.9444444444444444,0.05555555555555555,0.06746031746031746
0.0,0.031746031746031744,0.0,252,203,2,0.07539682539682539,0.9444444444444444,0.05555555555555555,0.07539682539682539
0.0,0.015873015873015872,0.0,252,204,2,0.07142857142857142,0.9444444444444444,0.05555555555555555,0.07539682539682539
0.0,0.03968253968253968,0.0,252,205,2,0.07936507936507936,0.9444444444444444,0.05555555555555555,0.08333333333333333
0.0,0.03571428571428571,0.0,252,206,2,0.0873015873015873,0.9444444444444444,0.05555555555555555,0.08333333333333333
0.0,0.047619047619047616,0.0,252,207,2,0.08333333333333333,0.9444444444444444,0.05555555555555555,0.07142857142857142
0.0,0.03968253968253968,0.0,252,208,2,0.07142857142857142,0.9444444444444444,0.05555555555555555,0.07142857142857142
0.0,0.031746031746031744,0.0,252,209,2,0.0873015873015873,0.9444444444444444,0.05555555555555555,0.09126984126984126
0.0,0.027777777777777776,0.0,252,210,2,0.07936507936507936,0.9444444444444444,0.05555555555555555,0.06746031746031746
0.0,0.023809523809523808,0.0,252,211,2,0.05952380952380952,0.9444444444444444,0.05555555555555555,0.05555555555555555
0.0,0.027777777777777776,0.0,252,212,2,0.0992063492063492,0.9444444444444444,0.05555555555555555,0.10317460317460317
0.0,0.027777777777777776,0.0,252,213,2,0.0992063492063492,0.9444444444444444,0.05555555555555555,0.09523809523809523
0.0,0.03968253968253968,0.0,252,214,2,0.10317460317460317,0.9444444444444444,0.05555555555555555,0.0992063492063492
0.0,0.03571428571428571,0.0,252,215,2,0.09126984126984126,0.9444444444444444,0.05555555555555555,0.09126984126984126
0.0,0.03571428571428571,0.0,252,216,2,0.07936507936507936,0.9444444444444444,0.05555555555555555,0.07539682539682539
0.0,0.04365079365079365,0.0,252,217,2,0.08333333333333333,0.9444444444444444,0.05555555555555555,0.08333333333333333
0.0,0.03968253968253968,0.0,252,218,2,0.07936507936507936,0.9444444444444444,0.05555555555555555,0.08333333333333333
0.0,0.027777777777777776,0.0,252,219,2,0.08333333333333333,0.9444444444444444,0.05555555555555555,0.08333333333333333
0.0,0.03571428571428571,0.0,252,220,2,0.09126984126984126,0.9444444444444444,0.05555555555555555,0.0873015873015873
0.0,0.03968253968253968,0.0,252,221,2,0.09126984126984126,0.9444444444444444,0.05555555555555555,0.0873015873015873
0.0,0.03571428571428571,0.0,252,222,2,0.09523809523809523,0.9444444444444444,0.05555555555555555,0.10714285714285714
0.0,0.03571428571428571,0.0,252,223,2,0.07936507936507936,0.9444444444444444,0.05555555555555555,0.07539682539682539
0.0,0.027777777777777776,0.0,252,224,2,0.06746031746031746,0.9444444444444444,0.05555555555555555,0.07539682539682539
0.0,0.03968253968253968,0.0,252,225,2,0.09126984126984126,0.9444444444444444,0.05555555555555555,0.09126984126984126
0.0,0.023809523809523808,0.0,252,226,2,0.07539682539682539,0.9444444444444444,0.05555555555555555,0.07539682539682539
0.0,0.03571428571428571,0.0,252,227,2,0.06746031746031746,0.9444444444444444,0.05555555555555555,0.06746031746031746
0.0,0.04365079365079365,0.0,252,228,2,0.05952380952380952,0.9444444444444444,0.05555555555555555,0.047619047619047616
0.0,0.04365079365079365,0.0,252,229,2,0.07539682539682539,0.9444444444444444,0.05555555555555555,0.0873015873015873
0.0,0.03571428571428571,0.0,252,230,2,0.0873015873015873,0.9444444444444444,0.05555555555555555,0.08333333333333333
0.0,0.047619047619047616,0.0,252,231,2,0.07936507936507936,0.9444444444444444,0.05555555555555555,0.07539682539682539
0.0,0.03571428571428571,0.0,252,232,2,0.08333333333333333,0.9444444444444444,0.05555555555555555,0.0873015873015873
0.0,0.023809523809523808,0.0,252,233,2,0.08333333333333333,0.9444444444444444,0.05555555555555555,0.09126984126984126
0.0,0.031746031746031744,0.0,252,234,2,0.06746031746031746,0.9444444444444444,0.05555555555555555,0.06746031746031746
0.0,0.03968253968253968,0.0,252,235,2,0.05952380952380952,0.9444444444444444,0.05555555555555555,0.05555555555555555
0.0,0.031746031746031744,0.0,252,236,2,0.09126984126984126,0.9444444444444444,0.05555555555555555,0.0992063492063492
0.0,0.03571428571428571,0.0,252,237,2,0.08333333333333333,0.9444444444444444,0.05555555555555555,0.0873015873015873
0.0,0.047619047619047616,0.0,252,238,2,0.09523809523809523,0.9444444444444444,0.05555555555555555,0.09523809523809523
0.0,0.027777777777777776,0.0,252,239,2,0.07142857142857142,0.9444444444444444,0.05555555555555555,0.07539682539682539
0.0,0.03571428571428571,0.0,252,240,2,0.09523809523809523,0.9444444444444444,0.05555555555555555,0.07936507936507936
0.0,0.04365079365079365,0.0,252,241,2,0.10317460317460317,0.9444444444444444,0.05555555555555555,0.10317460317460317
0.0,0.03968253968253968,0.0,252,242,2,0.10714285714285714,0.9444444444444444,0.05555555555555555,0.10317460317460317
0.0,0.03571428571428571,0.0,252,243,2,0.0873015873015873,0.9444444444444444,0.05555555555555555,0.0873015873015873
0.0,0.05555555555555555,0.0,252,244,2,0.0873015873015873,0.9444444444444444,0.05555555555555555,0.0873015873015873
0.0,0.03571428571428571,0.0,252,245,2,0.10317460317460317,0.9444444444444444,0.05555555555555555,0.0992063492063492
0.0,0.027777777777777776,0.0,252,246,2,0.0873015873015873,0.9444444444444444,0.05555555555555555,0.09523809523809523
0.0,0.03571428571428571,0.0,252,247,2,0.05952380952380952,0.9444444444444444,0.05555555555555555,0.06349206349206349
0.0,0.023809523809523808,0.0,252,248,2,0.09523809523809523,0.9444444444444444,0.05555555555555555,0.09523809523809523
0.0,0.023809523809523808,0.0,252,249,2,0.07539682539682539,0.9444444444444444,0.05555555555555555,0.07142857142857142
0.0,0.05555555555555555,0.0,252,250,2,0.05952380952380952,0.9444444444444444,0.05555555555555555,0.06349206349206349
0.0,0.023809523809523808,0.0,252,251,2,0.06349206349206349,0.9444444444444444,0.05555555555555555,0.06349206349206349
0.0,0.047619047619047616,0.0,252,252,2,0.07539682539682539,0.9444444444444444,0.05555555555555555,0.07142857142857142
0.0,0.023809523809523808,0.0,252,253,2,0.07936507936507936,0.9444444444444444,0.05555555555555555,0.08333333333333333
0.0,0.01984126984126984,0.0,252,254,2,0.0873015873015873,0.9444444444444444,0.05555555555555555,0.0873015873015873
0.0,0.031746031746031744,0.0,252,255,2,0.07539682539682539,0.9444444444444444,0.05555555555555555,0.07142857142857142
0.0,0.03571428571428571,0.0,252,0,3,0.07539682539682539,0.9444444444444444,0.05555555555555555,0.0873015873015873
0.0,0.03571428571428571,0.0,252,1,3,0.07142857142857142,0.9444444444444444,0.05555555555555555,0.07539682539682539
0.0,0.03571428571428571,0.0,252,2,3,0.07142857142857142,0.9444444444444444,0.05555555555555555,0.06349206349206349
0.0,0.027777777777777776,0.0,252,3,3,0.05952380952380952,0.9444444444444444,0.05555555555555555,0.06746031746031746
0.0,0.03571428571428571,0.0,252,4,3,0.09126984126984126,0.9444444444444444,0.05555555555555555,0.09126984126984126
0.0,0.03571428571428571,0.0,252,5,3,0.07539682539682539,0.9444444444444444,0.05555555555555555,0.09126984126984126
0.0,0.03968253968253968,0.0,252,6,3,0.07539682539682539,0.9444444444444444,0.05555555555555555,0.0873015873015873
0.0,0.03571428571428571,0.0,252,7,3,0.047619047619047616,0.9444444444444444,0.05555555555555555,0.047619047619047616
0.0,0.023809523809523808,0.0,252,8,3,0.07539682539682539,0.9444444444444444,0.05555555555555555,0.09126984126984126
0.0,0.027777777777777776,0.0,252,9,3,0.05555555555555555,0.9444444444444444,0.05555555555555555,0.05952380952380952
0.0,0.03968253968253968,0.0,252,10,3,0.05555555555555555,0.9444444444444444,0.05555555555555555,0.07142857142857142
0.0,0.015873015873015872,0.0,252,11,3,0.07539682539682539,0.9444444444444444,0.05555555555555555,0.07936507936507936
0.0,0.031746031746031744,0.0,252,12,3,0.07142857142857142,0.9444444444444444,0.05555555555555555,0.07539682539682539
0.0,0.04365079365079365,0.0,252,13,3,0.09523809523809523,0.9444444444444444,0.05555555555555555,0.09523809523809523
0.0,0.03571428571428571,0.0,252,14,3,0.07936507936507936,0.9444444444444444,0.05555555555555555,0.09126984126984126
0.0,0.03571428571428571,0.0,252,15,3,0.07936507936507936,0.9444444444444444,0.05555555555555555,0.0873015873015873
0.0,0.031746031746031744,0.0,252,16,3,0.05952380952380952,0.9444444444444444,0.05555555555555555,0.06746031746031746
0.0,0.03968253968253968,0.0,252,17,3,0.06746031746031746,0.9444444444444444,0.05555555555555555,0.07936507936507936
0.0,0.03571428571428571,0.0,252,18,3,0.05952380952380952,0.9444444444444444,0.05555555555555555,0.06349206349206349
0.0,0.01984126984126984,0.0,252,19,3,0.07142857142857142,0.9444444444444444,0.05555555555555555,0.07539682539682539
0.0,0.05555555555555555,0.0,252,20,3,0.08333333333333333,0.9444444444444444,0.05555555555555555,0.10317460317460317
0.0,0.03968253968253968,0.0,252,21,3,0.07936507936507936,0.9444444444444444,0.05555555555555555,0.0873015873015873
0.0,0.03571428571428571,0.0,252,22,3,0.0873015873015873,0.9444444444444444,0.05555555555555555,0.0873015873015873
0.0,0.03571428571428571,0.0,252,23,3,0.0873015873015873,0.9444444444444444,0.05555555555555555,0.10714285714285714
0.0,0.03968253968253968,0.0,252,24,3,0.07936507936507936,0.9444444444444444,0.05555555555555555,0.07936507936507936
0.0,0.05952380952380952,0.0,252,25,3,0.07936507936507936,0.9444444444444444,0.05555555555555555,0.09126984126984126
0.0,0.04365079365079365,0.0,252,26,3,0.07936507936507936,0.9444444444444444,0.05555555555555555,0.08333333333333333
0.0,0.03571428571428571,0.0,252,27,3,0.051587301587301584,0.9444444444444444,0.05555555555555555,0.06746031746031746
0.0,0.03571428571428571,0.0,252,28,3,0.051587301587301584,0.9444444444444444,0.05555555555555555,0.06349206349206349
0.0,0.03968253968253968,0.0,252,29,3,0.0873015873015873,0.9444444444444444,0.05555555555555555,0.0992063492063492
0.0,0.023809523809523808,0.0,252,30,3,0.09523809523809523,0.9444444444444444,0.05555555555555555,0.10317460317460317
0.0,0.027777777777777776,0.0,252,31,3,0.06349206349206349,0.9444444444444444,0.05555555555555555,0.0873015873015873
0.0,0.031746031746031744,0.0,252,32,3,0.07936507936507936,0.9444444444444444,0.05555555555555555,0.0992063492063492
0.0,0.03571428571428571,0.0,252,33,3,0.08333333333333333,0.9444444444444444,0.05555555555555555,0.0873015873015873
0.0,0.027777777777777776,0.0,252,34,3,0.07539682539682539,0.9444444444444444,0.05555555555555555,0.08333333333333333
0.0,0.03571428571428571,0.0,252,35,3,0.06349206349206349,0.9444444444444444,0.05555555555555555,0.06746031746031746
0.0,0.03571428571428571,0.0,252,36,3,0.06746031746031746,0.9444444444444444,0.05555555555555555,0.07936507936507936
0.0,0.05952380952380952,0.0,252,37,3,0.06349206349206349,0.9444444444444444,0.05555555555555555,0.06349206349206349
0.0,0.03571428571428571,0.0,252,38,3,0.05555555555555555,0.9444444444444444,0.05555555555555555,0.05952380952380952
0.0,0.03571428571428571,0.0,252,39,3,0.07142857142857142,0.9444444444444444,0.05555555555555555,0.07936507936507936
0.0,0.03571428571428571,0.0,252,40,3,0.08333333333333333,0.9444444444444444,0.05555555555555555,0.08333333333333333
0.0,0.03968253968253968,0.0,252,41,3,0.07936507936507936,0.9444444444444444,0.05555555555555555,0.07936507936507936
0.0,0.027777777777777776,0.0,252,42,3,0.07539682539682539,0.9444444444444444,0.05555555555555555,0.09523809523809523
0.0,0.03571428571428571,0.0,252,43,3,0.07539682539682539,0.9444444444444444,0.05555555555555555,0.07539682539682539
0.0,0.051587301587301584,0.0,252,44,3,0.0873015873015873,0.9444444444444444,0.05555555555555555,0.0992063492063492
0.0,0.047619047619047616,0.0,252,45,3,0.06746031746031746,0.9444444444444444,0.05555555555555555,0.0873015873015873
0.0,0.03571428571428571,0.0,252,46,3,0.08333333333333333,0.9444444444444444,0.05555555555555555,0.0992063492063492
0.0,0.051587301587301584,0.0,252,47,3,0.06746031746031746,0.9444444444444444,0.05555555555555555,0.07142857142857142
0.0,0.051587301587301584,0.0,252,48,3,0.07936507936507936,0.9444444444444444,0.05555555555555555,0.08333333333333333
0.0,0.03571428571428571,0.0,252,49,3,0.05952380952380952,0.9444444444444444,0.05555555555555555,0.07936507936507936
0.0,0.03571428571428571,0.0,252,50,3,0.07142857142857142,0.9444444444444444,0.05555555555555555,0.07936507936507936
0.0,0.03968253968253968,0.0,252,51,3,0.08333333333333333,0.9444444444444444,0.05555555555555555,0.0873015873015873
0.0,0.06349206349206349,0.0,252,52,3,0.06349206349206349,0.9444444444444444,0.05555555555555555,0.07539682539682539
0.0,0.023809523809523808,0.0,252,53,3,0.06349206349206349,0.9444444444444444,0.05555555555555555,0.07539682539682539
0.0,0.04365079365079365,0.0,252,54,3,0.09523809523809523,0.9444444444444444,0.05555555555555555,0.0992063492063492
0.0,0.04365079365079365,0.0,252,55,3,0.06349206349206349,0.9444444444444444,0.05555555555555555,0.06349206349206349
0.0,0.03571428571428571,0.0,252,56,3,0.0992063492063492,0.9444444444444444,0.05555555555555555,0.09523809523809523
0.0,0.03968253968253968,0.0,252,57,3,0.07936507936507936,0.9444444444444444,0.05555555555555555,0.07539682539682539
0.0,0.027777777777777776,0.0,252,58,3,0.0992063492063492,0.9444444444444444,0.05555555555555555,0.10714285714285714
0.0,0.03571428571428571,0.0,252,59,3,0.07539682539682539,0.9444444444444444,0.05555555555555555,0.07936507936507936
0.0,0.031746031746031744,0.0,252,60,3,0.06746031746031746,0.9444444444444444,0.05555555555555555,0.09126984126984126
0.0,0.03968253968253968,0.0,252,61,3,0.05952380952380952,0.9444444444444444,0.05555555555555555,0.06746031746031746
0.0,0.047619047619047616,0.0,252,62,3,0.06349206349206349,0.9444444444444444,0.05555555555555555,0.07539682539682539
0.0,0.047619047619047616,0.0,252,63,3,0.08333333333333333,0.9444444444444444,0.05555555555555555,0.10317460317460317
0.0,0.023809523809523808,0.0,252,64,3,0.0992063492063492,0.9444444444444444,0.05555555555555555,0.1111111111111111
0.0,0.04365079365079365,0.0,252,65,3,0.07539682539682539,0.9444444444444444,0.05555555555555555,0.09126984126984126
0.0,0.03968253968253968,0.0,252,66,3,0.07539682539682539,0.9444444444444444,0.05555555555555555,0.07539682539682539
0.0,0.047619047619047616,0.0,252,67,3,0.08333333333333333,0.9444444444444444,0.05555555555555555,0.09126984126984126
0.0,0.03968253968253968,0.0,252,68,3,0.03968253968253968,0.9444444444444444,0.05555555555555555,0.04365079365079365
0.0,0.031746031746031744,0.0,252,69,3,0.05555555555555555,0.9444444444444444,0.05555555555555555,0.06349206349206349
0.0,0.03968253968253968,0.0,252,70,3,0.0992063492063492,0.9444444444444444,0.05555555555555555,0.09126984126984126
0.0,0.027777777777777776,0.0,252,71,3,0.051587301587301584,0.9444444444444444,0.05555555555555555,0.07142857142857142
0.0,0.03571428571428571,0.0,252,72,3,0.05952380952380952,0.9444444444444444,0.05555555555555555,0.06746031746031746
0.0,0.047619047619047616,0.0,252,73,3,0.07936507936507936,0.9444444444444444,0.05555555555555555,0.0873015873015873
0.0,0.031746031746031744,0.0,252,74,3,0.07936507936507936,0.9444444444444444,0.05555555555555555,0.0873015873015873
0.0,0.031746031746031744,0.0,252,75,3,0.05952380952380952,0.9444444444444444,0.05555555555555555,0.06349206349206349
0.0,0.03571428571428571,0.0,252,76,3,0.08333333333333333,0.9444444444444444,0.05555555555555555,0.08333333333333333
0.0,0.047619047619047616,0.0,252,77,3,0.05952380952380952,0.9444444444444444,0.05555555555555555,0.07142857142857142
0.0,0.051587301587301584,0.0,252,78,3,0.07142857142857142,0.9444444444444444,0.05555555555555555,0.07539682539682539
0.0,0.031746031746031744,0.0,252,79,3,0.07936507936507936,0.9444444444444444,0.05555555555555555,0.07142857142857142
0.0,0.03571428571428571,0.0,252,80,3,0.07142857142857142,0.9444444444444444,0.05555555555555555,0.07142857142857142
0.0,0.031746031746031744,0.0,252,81,3,0.08333333333333333,0.9444444444444444,0.05555555555555555,0.09126984126984126
0.0,0.023809523809523808,0.0,252,82,3,0.06349206349206349,0.9444444444444444,0.05555555555555555,0.06746031746031746
0.0,0.027777777777777776,0.0,252,83,3,0.06746031746031746,0.9444444444444444,0.05555555555555555,0.07142857142857142
0.0,0.047619047619047616,0.0,252,84,3,0.07142857142857142,0.9444444444444444,0.05555555555555555,0.0873015873015873
0.0,0.03968253968253968,0.0,252,85,3,0.07539682539682539,0.9444444444444444,0.05555555555555555,0.0873015873015873
0.0,0.031746031746031744,0.0,252,86,3,0.07539682539682539,0.9444444444444444,0.05555555555555555,0.07142857142857142
0.0,0.031746031746031744,0.0,252,87,3,0.07142857142857142,0.9444444444444444,0.05555555555555555,0.07936507936507936
0.0,0.06349206349206349,0.0,252,88,3,0.07142857142857142,0.9444444444444444,0.05555555555555555,0.07142857142857142
0.0,0.04365079365079365,0.0,252,89,3,0.07142857142857142,0.9444444444444444,0.05555555555555555,0.07142857142857142
0.0,0.027777777777777776,0.0,252,90,3,0.0873015873015873,0.9444444444444444,0.05555555555555555,0.0992063492063492
0.0,0.03968253968253968,0.0,252,91,3,0.06349206349206349,0.9444444444444444,0.05555555555555555,0.07142857142857142
0.0,0.04365079365079365,0.0,252,92,3,0.05952380952380952,0.9444444444444444,0.05555555555555555,0.07142857142857142
0.0,0.023809523809523808,0.0,252,93,3,0.07539682539682539,0.9444444444444444,0.05555555555555555,0.07539682539682539
0.0,0.031746031746031744,0.0,252,94,3,0.09523809523809523,0.9444444444444444,0.05555555555555555,0.09523809523809523
0.0,0.031746031746031744,0.0,252,95,3,0.10714285714285714,0.9444444444444444,0.05555555555555555,0.0992063492063492
0.0,0.051587301587301584,0.0,252,96,3,0.04365079365079365,0.9444444444444444,0.05555555555555555,0.051587301587301584
0.0,0.03571428571428571,0.0,252,97,3,0.07142857142857142,0.9444444444444444,0.05555555555555555,0.07539682539682539
0.0,0.03968253968253968,0.0,252,98,3,0.05952380952380952,0.9444444444444444,0.05555555555555555,0.07142857142857142
0.0,0.04365079365079365,0.0,252,99,3,0.07936507936507936,0.9444444444444444,0.05555555555555555,0.07539682539682539
0.0,0.031746031746031744,0.0,252,100,3,0.07936507936507936,0.9444444444444444,0.05555555555555555,0.08333333333333333
0.0,0.051587301587301584,0.0,252,101,3,0.0992063492063492,0.9444444444444444,0.05555555555555555,0.10317460317460317
0.0,0.03968253968253968,0.0,252,102,3,0.07539682539682539,0.9444444444444444,0.05555555555555555,0.07936507936507936
0.0,0.03968253968253968,0.0,252,103,3,0.051587301587301584,0.9444444444444444,0.05555555555555555,0.07142857142857142
0.0,0.031746031746031744,0.0,252,104,3,0.07539682539682539,0.9444444444444444,0.05555555555555555,0.09126984126984126
0.0,0.051587301587301584,0.0,252,105,3,0.07936507936507936,0.9444444444444444,0.05555555555555555,0.08333333333333333
0.0,0.031746031746031744,0.0,252,106,3,0.1111111111111111,0.9444444444444444,0.05555555555555555,0.1111111111111111
0.0,0.031746031746031744,0.0,252,107,3,0.05555555555555555,0.9444444444444444,0.05555555555555555,0.07142857142857142
0.0,0.047619047619047616,0.0,252,108,3,0.07936507936507936,0.9444444444444444,0.05555555555555555,0.07539682539682539
0.0,0.027777777777777776,0.0,252,109,3,0.08333333333333333,0.9444444444444444,0.05555555555555555,0.07936507936507936
0.0,0.04365079365079365,0.0,252,110,3,0.09126984126984126,0.9444444444444444,0.05555555555555555,0.1111111111111111
0.0,0.03571428571428571,0.0,252,111,3,0.07539682539682539,0.9444444444444444,0.05555555555555555,0.09523809523809523
0.0,0.027777777777777776,0.0,252,112,3,0.0992063492063492,0.9444444444444444,0.05555555555555555,0.11507936507936507
0.0,0.03968253968253968,0.0,252,113,3,0.05952380952380952,0.9444444444444444,0.05555555555555555,0.06349206349206349
0.0,0.031746031746031744,0.0,252,114,3,0.07936507936507936,0.9444444444444444,0.05555555555555555,0.07936507936507936
0.0,0.06349206349206349,0.0,252,115,3,0.0873015873015873,0.9444444444444444,0.05555555555555555,0.09523809523809523
0.0,0.04365079365079365,0.0,252,116,3,0.0873015873015873,0.9444444444444444,0.05555555555555555,0.10317460317460317
0.0,0.031746031746031744,0.0,252,117,3,0.06349206349206349,0.9444444444444444,0.05555555555555555,0.07142857142857142
0.0,0.03968253968253968,0.0,252,118,3,0.06746031746031746,0.9444444444444444,0.05555555555555555,0.07936507936507936
0.0,0.023809523809523808,0.0,252,119,3,0.05555555555555555,0.9444444444444444,0.05555555555555555,0.07936507936507936
0.0,0.051587301587301584,0.0,252,120,3,0.07539682539682539,0.9444444444444444,0.05555555555555555,0.0873015873015873
0.0,0.04365079365079365,0.0,252,121,3,0.06746031746031746,0.9444444444444444,0.05555555555555555,0.09126984126984126
0.0,0.05555555555555555,0.0,252,122,3,0.06746031746031746,0.9444444444444444,0.05555555555555555,0.06746031746031746
0.0,0.027777777777777776,0.0,252,123,3,0.0873015873015873,0.9444444444444444,0.05555555555555555,0.0992063492063492
0.0,0.03571428571428571,0.0,252,124,3,0.06746031746031746,0.9444444444444444,0.05555555555555555,0.07936507936507936
0.0,0.03968253968253968,0.0,252,125,3,0.07936507936507936,0.9444444444444444,0.05555555555555555,0.07936507936507936
0.0,0.05555555555555555,0.0,252,126,3,0.06746031746031746,0.9444444444444444,0.05555555555555555,0.07539682539682539
0.0,0.031746031746031744,0.0,252,127,3,0.09126984126984126,0.9444444444444444,0.05555555555555555,0.09126984126984126
0.0,0.03571428571428571,0.0,252,128,3,0.07539682539682539,0.9444444444444444,0.05555555555555555,0.07539682539682539
0.0,0.031746031746031744,0.0,252,129,3,0.0873015873015873,0.9444444444444444,0.05555555555555555,0.0992063492063492
0.0,0.03968253968253968,0.0,252,130,3,0.07142857142857142,0.9444444444444444,0.05555555555555555,0.08333333333333333
0.0,0.031746031746031744,0.0,252,131,3,0.07936507936507936,0.9444444444444444,0.05555555555555555,0.0873015873015873
0.0,0.027777777777777776,0.0,252,132,3,0.07539682539682539,0.9444444444444444,0.05555555555555555,0.0873015873015873
0.0,0.04365079365079365,0.0,252,133,3,0.06746031746031746,0.9444444444444444,0.05555555555555555,0.07936507936507936
0.0,0.047619047619047616,0.0,252,134,3,0.06746031746031746,0.9444444444444444,0.05555555555555555,0.07539682539682539
0.0,0.023809523809523808,0.0,252,135,3,0.06746031746031746,0.9444444444444444,0.05555555555555555,0.0873015873015873
0.0,0.047619047619047616,0.0,252,136,3,0.05952380952380952,0.9444444444444444,0.05555555555555555,0.06746031746031746
0.0,0.03968253968253968,0.0,252,137,3,0.09126984126984126,0.9444444444444444,0.05555555555555555,0.09126984126984126
0.0,0.03968253968253968,0.0,252,138,3,0.0873015873015873,0.9444444444444444,0.05555555555555555,0.10317460317460317
0.0,0.03571428571428571,0.0,252,139,3,0.07142857142857142,0.9444444444444444,0.05555555555555555,0.06746031746031746
0.0,0.03571428571428571,0.0,252,140,3,0.09126984126984126,0.9444444444444444,0.05555555555555555,0.10317460317460317
0.0,0.03571428571428571,0.0,252,141,3,0.07936507936507936,0.9444444444444444,0.05555555555555555,0.09126984126984126
0.0,0.04365079365079365,0.0,252,142,3,0.07539682539682539,0.9444444444444444,0.05555555555555555,0.08333333333333333
0.0,0.05555555555555555,0.0,252,143,3,0.09523809523809523,0.9444444444444444,0.05555555555555555,0.09523809523809523
0.0,0.023809523809523808,0.0,252,144,3,0.07539682539682539,0.9444444444444444,0.05555555555555555,0.07936507936507936
0.0,0.01984126984126984,0.0,252,145,3,0.06349206349206349,0.9444444444444444,0.05555555555555555,0.06746031746031746
0.0,0.031746031746031744,0.0,252,146,3,0.07936507936507936,0.9444444444444444,0.05555555555555555,0.09126984126984126
0.0,0.027777777777777776,0.0,252,147,3,0.05555555555555555,0.9444444444444444,0.05555555555555555,0.07539682539682539
0.0,0.04365079365079365,0.0,252,148,3,0.07936507936507936,0.9444444444444444,0.05555555555555555,0.0873015873015873
0.0,0.047619047619047616,0.0,252,149,3,0.06349206349206349,0.9444444444444444,0.05555555555555555,0.06746031746031746
0.0,0.05952380952380952,0.0,252,150,3,0.07539682539682539,0.9444444444444444,0.05555555555555555,0.07936507936507936
0.0,0.03571428571428571,0.0,252,151,3,0.06349206349206349,0.9444444444444444,0.05555555555555555,0.07936507936507936
0.0,0.027777777777777776,0.0,252,152,3,0.06746031746031746,0.9444444444444444,0.05555555555555555,0.07936507936507936
0.0,0.03968253968253968,0.0,252,153,3,0.07539682539682539,0.9444444444444444,0.05555555555555555,0.09126984126984126
0.0,0.03571428571428571,0.0,252,154,3,0.0873015873015873,0.9444444444444444,0.05555555555555555,0.10714285714285714
0.0,0.031746031746031744,0.0,252,155,3,0.06746031746031746,0.9444444444444444,0.05555555555555555,0.07142857142857142
0.0,0.03571428571428571,0.0,252,156,3,0.06746031746031746,0.9444444444444444,0.05555555555555555,0.07539682539682539
0.0,0.047619047619047616,0.0,252,157,3,0.07142857142857142,0.9444444444444444,0.05555555555555555,0.0873015873015873
0.0,0.027777777777777776,0.0,252,158,3,0.07539682539682539,0.9444444444444444,0.05555555555555555,0.0873015873015873
0.0,0.03571428571428571,0.0,252,159,3,0.07539682539682539,0.9444444444444444,0.05555555555555555,0.07142857142857142
0.0,0.03968253968253968,0.0,252,160,3,0.08333333333333333,0.9444444444444444,0.05555555555555555,0.09523809523809523
0.0,0.031746031746031744,0.0,252,161,3,0.06746031746031746,0.9444444444444444,0.05555555555555555,0.0873015873015873
0.0,0.03571428571428571,0.0,252,162,3,0.06746031746031746,0.9444444444444444,0.05555555555555555,0.07539682539682539
0.0,0.03968253968253968,0.0,252,163,3,0.08333333333333333,0.9444444444444444,0.05555555555555555,0.09523809523809523
0.0,0.04365079365079365,0.0,252,164,3,0.06746031746031746,0.9444444444444444,0.05555555555555555,0.06746031746031746
0.0,0.031746031746031744,0.0,252,165,3,0.07142857142857142,0.9444444444444444,0.05555555555555555,0.07936507936507936
0.0,0.03968253968253968,0.0,252,166,3,0.08333333333333333,0.9444444444444444,0.05555555555555555,0.08333333333333333
0.0,0.027777777777777776,0.0,252,167,3,0.06746031746031746,0.9444444444444444,0.05555555555555555,0.0873015873015873
0.0,0.027777777777777776,0.0,252,168,3,0.09126984126984126,0.9444444444444444,0.05555555555555555,0.10317460317460317
0.0,0.03968253968253968,0.0,252,169,3,0.09126984126984126,0.9444444444444444,0.05555555555555555,0.09523809523809523
0.0,0.03968253968253968,0.0,252,170,3,0.07142857142857142,0.9444444444444444,0.05555555555555555,0.0873015873015873
0.0,0.03571428571428571,0.0,252,171,3,0.07936507936507936,0.9444444444444444,0.05555555555555555,0.0873015873015873
0.0,0.031746031746031744,0.0,252,172,3,0.05555555555555555,0.9444444444444444,0.05555555555555555,0.05952380952380952
0.0,0.04365079365079365,0.0,252,173,3,0.07142857142857142,0.9444444444444444,0.05555555555555555,0.07142857142857142
0.0,0.051587301587301584,0.0,252,174,3,0.09523809523809523,0.9444444444444444,0.05555555555555555,0.1111111111111111
0.0,0.03968253968253968,0.0,252,175,3,0.05555555555555555,0.9444444444444444,0.05555555555555555,0.05952380952380952
0.0,0.03968253968253968,0.0,252,176,3,0.07539682539682539,0.9444444444444444,0.05555555555555555,0.07539682539682539
0.0,0.03571428571428571,0.0,252,177,3,0.06746031746031746,0.9444444444444444,0.05555555555555555,0.07539682539682539
0.0,0.04365079365079365,0.0,252,178,3,0.06746031746031746,0.9444444444444444,0.05555555555555555,0.07142857142857142
0.0,0.03571428571428571,0.0,252,179,3,0.051587301587301584,0.9444444444444444,0.05555555555555555,0.05555555555555555
0.0,0.05952380952380952,0.0,252,180,3,0.07142857142857142,0.9444444444444444,0.05555555555555555,0.07539682539682539
0.0,0.05555555555555555,0.0,252,181,3,0.08333333333333333,0.9444444444444444,0.05555555555555555,0.09126984126984126
0.0,0.023809523809523808,0.0,252,182,3,0.07936507936507936,0.9444444444444444,0.05555555555555555,0.0992063492063492
0.0,0.051587301587301584,0.0,252,183,3,0.09126984126984126,0.9444444444444444,0.05555555555555555,0.09523809523809523
0.0,0.04365079365079365,0.0,252,184,3,0.06746031746031746,0.9444444444444444,0.05555555555555555,0.07539682539682539
0.0,0.047619047619047616,0.0,252,185,3,0.07936507936507936,0.9444444444444444,0.05555555555555555,0.0873015873015873
0.0,0.03968253968253968,0.0,252,186,3,0.07936507936507936,0.9444444444444444,0.05555555555555555,0.0873015873015873
0.0,0.047619047619047616,0.0,252,187,3,0.07539682539682539,0.9444444444444444,0.05555555555555555,0.07539682539682539
0.0,0.06746031746031746,0.0,252,188,3,0.07936507936507936,0.9444444444444444,0.05555555555555555,0.09523809523809523
0.0,0.047619047619047616,0.0,252,189,3,0.07142857142857142,0.9444444444444444,0.05555555555555555,0.07936507936507936
0.0,0.03968253968253968,0.0,252,190,3,0.05555555555555555,0.9444444444444444,0.05555555555555555,0.051587301587301584
0.0,0.031746031746031744,0.0,252,191,3,0.08333333333333333,0.9444444444444444,0.05555555555555555,0.0992063492063492
0.0,0.04365079365079365,0.0,252,192,3,0.05555555555555555,0.9444444444444444,0.05555555555555555,0.06349206349206349
0.0,0.03571428571428571,0.0,252,193,3,0.08333333333333333,0.9444444444444444,0.05555555555555555,0.08333333333333333
0.0,0.047619047619047616,0.0,252,194,3,0.10317460317460317,0.9444444444444444,0.05555555555555555,0.09126984126984126
0.0,0.03571428571428571,0.0,252,195,3,0.06349206349206349,0.9444444444444444,0.05555555555555555,0.07142857142857142
0.0,0.051587301587301584,0.0,252,196,3,0.06746031746031746,0.9444444444444444,0.05555555555555555,0.07936507936507936
0.0,0.03968253968253968,0.0,252,197,3,0.05555555555555555,0.9444444444444444,0.05555555555555555,0.05555555555555555
0.0,0.031746031746031744,0.0,252,198,3,0.07539682539682539,0.9444444444444444,0.05555555555555555,0.07539682539682539
0.0,0.03968253968253968,0.0,252,199,3,0.08333333333333333,0.9444444444444444,0.05555555555555555,0.0873015873015873
0.0,0.01984126984126984,0.0,252,200,3,0.06349206349206349,0.9444444444444444,0.05555555555555555,0.0873015873015873
0.0,0.03968253968253968,0.0,252,201,3,0.06349206349206349,0.9444444444444444,0.05555555555555555,0.07539682539682539
0.0,0.047619047619047616,0.0,252,202,3,0.06746031746031746,0.9444444444444444,0.05555555555555555,0.07936507936507936
0.0,0.031746031746031744,0.0,252,203,3,0.07539682539682539,0.9444444444444444,0.05555555555555555,0.09126984126984126
0.0,0.03571428571428571,0.0,252,204,3,0.06746031746031746,0.9444444444444444,0.05555555555555555,0.07142857142857142
0.0,0.03571428571428571,0.0,252,205,3,0.07936507936507936,0.9444444444444444,0.05555555555555555,0.09126984126984126
0.0,0.051587301587301584,0.0,252,206,3,0.07936507936507936,0.9444444444444444,0.05555555555555555,0.07936507936507936
0.0,0.03571428571428571,0.0,252,207,3,0.09126984126984126,0.9444444444444444,0.05555555555555555,0.10317460317460317
0.0,0.03968253968253968,0.0,252,208,3,0.04365079365079365,0.9444444444444444,0.05555555555555555,0.05952380952380952
0.0,0.027777777777777776,0.0,252,209,3,0.051587301587301584,0.9444444444444444,0.05555555555555555,0.05952380952380952
0.0,0.047619047619047616,0.0,252,210,3,0.05952380952380952,0.9444444444444444,0.05555555555555555,0.06746031746031746
0.0,0.031746031746031744,0.0,252,211,3,0.06349206349206349,0.9444444444444444,0.05555555555555555,0.07142857142857142
0.0,0.03571428571428571,0.0,252,212,3,0.07539682539682539,0.9444444444444444,0.05555555555555555,0.09523809523809523
0.0,0.04365079365079365,0.0,252,213,3,0.07539682539682539,0.9444444444444444,0.05555555555555555,0.0873015873015873
0.0,0.03968253968253968,0.0,252,214,3,0.06746031746031746,0.9444444444444444,0.05555555555555555,0.07936507936507936
0.0,0.031746031746031744,0.0,252,215,3,0.07142857142857142,0.9444444444444444,0.05555555555555555,0.07539682539682539
0.0,0.027777777777777776,0.0,252,216,3,0.0873015873015873,0.9444444444444444,0.05555555555555555,0.09126984126984126
0.0,0.015873015873015872,0.0,252,217,3,0.07142857142857142,0.9444444444444444,0.05555555555555555,0.08333333333333333
0.0,0.031746031746031744,0.0,252,218,3,0.08333333333333333,0.9444444444444444,0.05555555555555555,0.0873015873015873
0.0,0.023809523809523808,0.0,252,219,3,0.07142857142857142,0.9444444444444444,0.05555555555555555,0.07142857142857142
0.0,0.03968253968253968,0.0,252,220,3,0.06349206349206349,0.9444444444444444,0.05555555555555555,0.07936507936507936
0.0,0.023809523809523808,0.0,252,221,3,0.09523809523809523,0.9444444444444444,0.05555555555555555,0.10714285714285714
0.0,0.047619047619047616,0.0,252,222,3,0.09126984126984126,0.9444444444444444,0.05555555555555555,0.10317460317460317
0.0,0.05952380952380952,0.0,252,223,3,0.09523809523809523,0.9444444444444444,0.05555555555555555,0.0992063492063492
0.0,0.027777777777777776,0.0,252,224,3,0.07539682539682539,0.9444444444444444,0.05555555555555555,0.09126984126984126
0.0,0.051587301587301584,0.0,252,225,3,0.06349206349206349,0.9444444444444444,0.05555555555555555,0.07936507936507936
0.0,0.03571428571428571,0.0,252,226,3,0.05555555555555555,0.9444444444444444,0.05555555555555555,0.06349206349206349
0.0,0.047619047619047616,0.0,252,227,3,0.08333333333333333,0.9444444444444444,0.05555555555555555,0.07936507936507936
0.0,0.04365079365079365,0.0,252,228,3,0.05952380952380952,0.9444444444444444,0.05555555555555555,0.07142857142857142
0.0,0.03968253968253968,0.0,252,229,3,0.07936507936507936,0.9444444444444444,0.05555555555555555,0.0873015873015873
0.0,0.03571428571428571,0.0,252,230,3,0.07539682539682539,0.9444444444444444,0.05555555555555555,0.07539682539682539
0.0,0.051587301587301584,0.0,252,231,3,0.07539682539682539,0.9444444444444444,0.05555555555555555,0.07936507936507936
0.0,0.05555555555555555,0.0,252,232,3,0.07936507936507936,0.9444444444444444,0.05555555555555555,0.07539682539682539
0.0,0.015873015873015872,0.0,252,233,3,0.05555555555555555,0.9444444444444444,0.05555555555555555,0.06746031746031746
0.0,0.04365079365079365,0.0,252,234,3,0.07539682539682539,0.9444444444444444,0.05555555555555555,0.09126984126984126
0.0,0.051587301587301584,0.0,252,235,3,0.06746031746031746,0.9444444444444444,0.05555555555555555,0.09126984126984126
0.0,0.051587301587301584,0.0,252,236,3,0.08333333333333333,0.9444444444444444,0.05555555555555555,0.0873015873015873
0.0,0.04365079365079365,0.0,252,237,3,0.0873015873015873,0.9444444444444444,0.05555555555555555,0.0873015873015873
0.0,0.027777777777777776,0.0,252,238,3,0.06746031746031746,0.9444444444444444,0.05555555555555555,0.07936507936507936
0.0,0.05952380952380952,0.0,252,239,3,0.06746031746031746,0.9444444444444444,0.05555555555555555,0.07142857142857142
0.0,0.031746031746031744,0.0,252,240,3,0.0873015873015873,0.9444444444444444,0.05555555555555555,0.09126984126984126
0.0,0.023809523809523808,0.0,252,241,3,0.07936507936507936,0.9444444444444444,0.05555555555555555,0.08333333333333333
0.0,0.031746031746031744,0.0,252,242,3,0.07936507936507936,0.9444444444444444,0.05555555555555555,0.0873015873015873
0.0,0.027777777777777776,0.0,252,243,3,0.07936507936507936,0.9444444444444444,0.05555555555555555,0.09523809523809523
0.0,0.03968253968253968,0.0,252,244,3,0.08333333333333333,0.9444444444444444,0.05555555555555555,0.0992063492063492
0.0,0.03571428571428571,0.0,252,245,3,0.07539682539682539,0.9444444444444444,0.05555555555555555,0.07142857142857142
0.0,0.03968253968253968,0.0,252,246,3,0.08333333333333333,0.9444444444444444,0.05555555555555555,0.09523809523809523
0.0,0.031746031746031744,0.0,252,247,3,0.06746031746031746,0.9444444444444444,0.05555555555555555,0.06349206349206349
0.0,0.031746031746031744,0.0,252,248,3,0.0992063492063492,0.9444444444444444,0.05555555555555555,0.0992063492063492
0.0,0.04365079365079365,0.0,252,249,3,0.07936507936507936,0.9444444444444444,0.05555555555555555,0.08333333333333333
0.0,0.047619047619047616,0.0,252,250,3,0.07539682539682539,0.9444444444444444,0.05555555555555555,0.07936507936507936
0.0,0.03968253968253968,0.0,252,251,3,0.08333333333333333,0.9444444444444444,0.05555555555555555,0.0873015873015873
0.0,0.04365079365079365,0.0,252,252,3,0.08333333333333333,0.9444444444444444,0.05555555555555555,0.0873015873015873
0.0,0.03571428571428571,0.0,252,253,3,0.06349206349206349,0.9444444444444444,0.05555555555555555,0.07936507936507936
0.0,0.047619047619047616,0.0,252,254,3,0.09126984126984126,0.9444444444444444,0.05555555555555555,0.0992063492063492
0.0,0.01984126984126984,0.0,252,255,3,0.0992063492063492,0.9444444444444444,0.05555555555555555,0.0992063492063492
